Date,Close,High,Low,Open,Volume
2020-01-01,6945.33544921875,7038.66247161543,6917.17074011005,7007.363299952278,634725
2020-01-02,6962.5751953125,6998.813530370282,6945.619507881041,6960.437935480343,616838
2020-01-03,6890.76318359375,6964.617384582744,6863.928698990032,6961.720395664831,571967
2020-01-06,6689.52880859375,6848.731026181746,6674.425597152016,6839.232092719635,748516
2020-01-07,6719.16552734375,6806.555713385005,6674.330376805239,6744.242618401264,590500
2020-01-08,6682.68994140625,6760.058477168869,6630.683280027121,6706.24711117157,793313
2020-01-09,6865.73388671875,6877.227688740578,6746.1424095905495,6782.2383560231665,798184
2020-01-10,6963.193359375,6981.621198018001,6871.908513616145,6897.555634645149,747847
2020-01-13,6984.28125,7000.714219969944,6915.0336514532155,6964.618271481632,537399
2020-01-14,7016.67138671875,7040.988747073884,6958.538197170383,6986.464966407693,548522
2020-01-15,7108.00439453125,7128.949356682072,6984.565572242941,7018.714422575472,692726
2020-01-16,7088.7216796875,7144.148050705901,7049.348877707759,7082.879928212812,640207
2020-01-17,7143.3408203125,7190.598017366483,7060.130064998138,7094.753865250177,750738
2020-01-20,7076.32568359375,7152.222070468207,7049.205949814691,7144.385450230294,407828
2020-01-21,6936.73828125,7062.124198056874,6922.632272846208,7040.134260713232,442561
2020-01-22,6778.05908203125,7005.416148150592,6751.794623662866,6972.217190037109,1048435
2020-01-23,6788.98291015625,6858.230043175427,6766.23277871136,6787.367905921977,589326
2020-01-24,6771.267578125,6848.731196913556,6754.9292266368275,6790.597537150183,645723
2020-01-27,6790.59716796875,6862.979224345323,6707.196720152571,6745.667399541635,573149
2020-01-28,6646.45166015625,6858.183277433937,6614.107974287154,6820.187540112167,1614448
2020-01-29,6659.037109375,6759.678494478061,6625.50605993107,6658.752326898466,1001252
2020-01-30,6668.67919921875,6695.798469830257,6631.205719660239,6668.251561669515,579174
2020-01-31,6567.08740234375,6710.046345578397,6550.036631893713,6682.49943957305,868935
2020-02-03,6659.9873046875,6691.856506043151,6440.277150264271,6440.277150264271,1010531
2020-02-04,6838.8515625,6853.479825844819,6650.202669541175,6668.250641362527,973311
2020-02-05,6688.103515625,6869.248350005524,6673.570333938269,6853.4800287633025,718489
2020-02-06,6669.7705078125,6763.572465840035,6627.215012109453,6720.494714377795,875714
2020-02-07,6622.41845703125,6696.747605991367,6587.509879085124,6686.298779939465,645814
2020-02-10,6547.52001953125,6638.899948677942,6507.81466157141,6625.506359188814,593773
2020-02-11,6681.31201171875,6733.793616644637,6565.947284685944,6601.7584476908205,743160
2020-02-12,6690.3837890625,6753.741862383341,6656.805429476729,6702.542702490604,599364
2020-02-13,6654.05029296875,6702.4475451651715,6578.011515060773,6696.748185007718,723169
2020-02-14,6567.3720703125,6733.746251803128,6555.213621675739,6649.300366917272,614859
2020-02-17,6560.67578125,6630.255467929924,6535.266134578492,6573.261867919065,463548
2020-02-18,6441.32177734375,6582.760801956092,6398.291331041901,6578.011335288014,830678
2020-02-19,6418.0498046875,6511.471912838114,6292.663876561811,6506.769755007347,1033939
2020-02-20,6419.0,6466.446899017419,6383.283913909144,6422.229544931506,682513
2020-02-24,6146.189453125,6373.78397825615,6117.122625677238,6373.78397825615,1091346
2020-02-25,6093.13818359375,6183.805689092744,6057.042236407033,6179.436086933435,964897
2020-02-26,5922.4423828125,6049.728086055823,5876.087311103489,6031.822504441038,1580738
2020-02-27,5974.638671875,6020.471023439374,5857.801796384471,5917.835238260111,1492657
2020-02-28,5968.2744140625,6048.302920941187,5797.388709941526,5854.239450304184,1468843
2020-03-02,5970.22119140625,6116.8846096613925,5936.832537975683,6080.2191029588885,1219764
2020-03-03,6066.06591796875,6100.357158833672,5965.804865761934,6001.425864482748,849199
2020-03-04,6064.45166015625,6102.114838461879,5897.887769615474,6069.8184647838425,904360
2020-03-05,6046.9736328125,6140.110488341829,6013.014946247181,6090.620953059841,645853
2020-03-06,6122.9658203125,6155.309506498827,5794.492389654996,5885.919633482235,1140899
2020-03-09,5890.3837890625,6054.620257730542,5774.781581985496,5985.278042667108,1082030
2020-03-11,5838.32958984375,5994.729908427647,5799.099178145007,5851.343314885052,937029
2020-03-12,5360.390625,5641.701450973059,5277.179873850076,5641.701450973059,1345964
2020-03-13,5546.046875,5759.677776195315,4562.384632311016,5058.371768571346,1480205
2020-03-16,5205.65283203125,5402.993167938278,5129.423893612289,5356.068531007881,933412
2020-03-17,5323.154296875,5458.989027363835,5226.312497549424,5226.312497549424,1238640
2020-03-18,5084.4462890625,5403.752829696145,5046.3554748977085,5386.844914450321,973395
2020-03-19,4578.05859375,4841.226840998517,4419.426394449421,4625.980901759374,2554559
2020-03-20,4824.6982421875,4963.192500011056,4571.456595261239,4625.030484699298,1614552
2020-03-23,4008.88232421875,4549.9889555778445,3933.5081972960024,4345.761893897419,1531965
2020-03-24,4261.6494140625,4341.012821810465,3828.0703877234514,4123.4872340217125,1746431
2020-03-25,4755.119140625,4900.880007305386,4094.1357130492784,4216.576881847443,1728819
2020-03-26,4633.57958984375,4863.45377203772,4511.993245542807,4772.691651329735,1338787
2020-03-27,4413.298828125,4879.126354186711,4326.7634660411695,4844.455252867172,1339426
2020-03-30,4111.56640625,4407.458209956987,4056.0449496912797,4357.588804837832,1528082
2020-03-31,4073.42724609375,4244.170566484967,3999.0507863534017,4227.025177974499,2140261
2020-04-01,4033.57958984375,4203.135547367014,3980.148090624234,4075.042340475075,1323842
2020-04-03,3810.497314453125,4053.195074354103,3800.618516010788,4037.0468868068756,1724808
2020-04-07,4325.4814453125,4381.762622199387,3913.560316860348,3942.0571152840885,2688172
2020-04-08,4462.6943359375,4678.225058562882,4185.705323971033,4185.705323971033,2798833
2020-04-09,5059.74951171875,5128.474390958127,4498.885240250238,4554.216529984135,3786650
2020-04-13,5018.4296875,5075.660770142144,4750.417332669987,5020.187083215534,2192268
2020-04-15,4839.041015625,5081.9289060632445,4788.4118907410875,5041.55844279078,2094519
2020-04-16,4873.712890625,4966.042714999166,4720.970216822083,4765.615206800079,1752169
2020-04-17,5229.16259765625,5322.204831581999,4950.559079296258,5058.181804272394,2192902
2020-04-20,5064.2138671875,5294.658080421954,5015.4367522224675,5235.812003456485,1555307
2020-04-21,4750.51171875,4874.187554456555,4639.754061533141,4874.187554456555,1843169
2020-04-22,4921.25537109375,4985.278094231489,4740.918014254154,4758.016095651985,1991584
2020-04-23,4897.98291015625,4981.811002437603,4792.212187642191,4909.998968864715,1454061
2020-04-24,4792.8291015625,4882.451628399347,4777.96336397835,4844.455895882621,1070808
2020-04-27,4802.9931640625,4963.192579141038,4741.439798858928,4892.045662492064,1432313
2020-04-28,4799.52587890625,4863.453510025676,4740.2048590636,4834.95671211537,1172062
2020-04-29,4814.4873046875,4844.45625540814,4759.96305342747,4844.45625540814,1038094
2020-04-30,5090.2880859375,5153.1712086082125,4865.353535574427,4865.353535574427,2341081
2020-05-04,4641.4638671875,4873.190544263287,4597.483988935102,4840.656695787868,1742771
2020-05-05,4587.84228515625,4777.535700423088,4559.487877157161,4744.717072166671,1570620
2020-05-06,4600.5703125,4749.466073917308,4473.997041630104,4598.623216935713,2214528
2020-05-07,4511.3291015625,4688.05706895587,4497.745809775001,4654.003293557048,1530808
2020-05-08,4420.94580078125,4634.5294016313355,4405.1301701302145,4629.779935140629,1828141
2020-05-11,4690.3837890625,4763.335885823068,4493.13850284637,4511.993980982563,3176473
2020-05-12,4703.20654296875,4735.218132923982,4455.046916644499,4667.775708162176,3124672
2020-05-13,4783.7578125,5051.010389218461,4736.405538023177,4986.939899648369,3304845
2020-05-14,4857.8017578125,4887.201141654225,4609.024789545541,4659.226744375894,2590674
2020-05-15,4844.8359375,4866.4937841150795,4712.563288842223,4853.955006400291,2182462
2020-05-18,4484.39892578125,4839.706326396239,4446.022865703391,4825.837791559546,3164086
2020-05-19,4564.5224609375,4654.477549304184,4517.455429612934,4599.383733414461,2108177
2020-05-20,4646.8310546875,4673.475378177279,4507.7189851911135,4515.793078832274,1518296
2020-05-21,4797.05615234375,4819.568344820046,4607.979616424251,4644.978145254508,1868166
2020-05-22,4877.037109375,4891.95062009239,4683.686508741855,4758.965554691819,1935875
2020-05-26,4983.283203125,5020.946383940112,4902.067316846791,4939.445715165931,1508751
2020-05-27,4981.62109375,5025.8862210816205,4878.082708171111,5005.938458722385,1534655
2020-05-28,5194.34912109375,5219.66368478195,4958.443027217794,5003.088012328759,2325084
2020-05-29,5329.6611328125,5382.807848380782,5105.676478589439,5105.676478589439,3386733
2020-06-01,5503.302734375,5570.792477854483,5382.9510498341215,5404.893681091567,2340994
2020-06-02,5404.98779296875,5555.9257409366,5343.244730366446,5507.24371080786,2110719
2020-06-03,5342.2001953125,5539.778011924342,5325.1021150287825,5442.888890316612,1652859
2020-06-04,5405.0830078125,5433.342333313014,5292.80543491972,5374.496258215322,1642049
2020-06-05,5458.27734375,5495.133020139498,5386.94026052674,5441.273881762648,1236658
2020-06-08,5447.4482421875,5556.8761425200955,5415.816978902279,5556.8761425200955,1176769
2020-06-09,5378.58056640625,5497.032444665969,5338.400265944832,5465.685966236044,1336806
2020-06-10,5391.21484375,5452.387883336607,5333.651213403318,5371.646947781971,1432292
2020-06-11,5154.263671875,5403.943229919133,5129.708836188193,5354.548776068581,1766481
2020-06-12,5283.06982421875,5327.287178193274,4940.395766757175,4940.395766757175,2064628
2020-06-15,5201.37841796875,5305.154264594889,5120.922267140794,5243.411197952335,1530562
2020-06-16,5226.50341796875,5331.3237789329505,5129.424131291229,5309.903869244068,1184933
2020-06-17,5439.27880859375,5522.156993055113,5172.168646328068,5172.168646328068,3454833
2020-06-18,5428.0703125,5469.485754148199,5358.348235350815,5409.642474795762,1580214
2020-06-19,5601.8544921875,5637.617889490058,5421.042172758173,5462.837486513449,1854589
2020-06-22,5600.57080078125,5675.6123701947035,5515.412960659253,5604.370373916108,1497563
2020-06-23,5591.54638671875,5706.198682815897,5568.796258788602,5604.369945067634,1398070
2020-06-24,5466.96875,5640.466676513709,5442.888860967254,5640.466676513709,1268449
2020-06-25,5473.5703125,5553.83630126893,5367.847367257031,5392.544594570548,1266203
2020-06-26,5466.541015625,5518.880230713722,5409.642498092022,5509.38129744227,1063057
2020-06-29,5394.1591796875,5509.3810495600255,5366.89705689899,5442.888519651542,1102655
2020-06-30,5545.76171875,5580.1480408114585,5396.771329703111,5461.88632814127,2015814
2020-07-01,5512.32568359375,5590.121849018436,5485.633590158278,5545.761648139959,1284965
2020-07-02,5650.39306640625,5661.364148651508,5474.0450016969335,5556.875884162973,1470941
2020-07-03,5634.8623046875,5688.531277728031,5588.269758652633,5650.393153365789,1059779
2020-07-06,5816.76708984375,5839.6596126527675,5628.118175207934,5664.641760537651,1385081
2020-07-07,5914.748046875,5936.833065880074,5787.36726385046,5832.344803920585,1799721
2020-07-08,5741.53515625,5922.584917873765,5720.827667163428,5914.748297894221,1204072
2020-07-09,5701.59228515625,5790.549702171505,5634.149859163111,5775.351408989953,1043427
2020-07-10,5657.232421875,5780.196305573357,5624.318708985878,5680.362418465725,1168821
2020-07-13,5688.7685546875,5755.640949917918,5630.777290716642,5699.359772167762,1035069
2020-07-14,5482.54638671875,5660.176425150145,5461.886208451997,5652.814752434406,1602929
2020-07-15,5510.61572265625,5585.182345446367,5466.635849135372,5518.879979752652,1246705
2020-07-16,5580.9560546875,5623.36870051876,5463.786615774309,5517.930537384033,1018658
2020-07-17,5622.89306640625,5657.56416986496,5557.82537909333,5602.470361629203,810152
2020-07-20,5573.4990234375,5638.5667154878565,5520.779944476992,5637.616822173253,912610
2020-07-21,5823.65380859375,5841.844173704945,5604.370833310436,5622.893753861207,1854694
2020-07-22,5702.58935546875,5821.89604694215,5642.0814304309615,5810.497327320139,1140092
2020-07-23,5762.005859375,5784.850609342331,5668.916309339606,5711.708820028808,701651
2020-07-24,5700.025390625,5744.337824036898,5634.862611997028,5708.859213532535,793324
2020-07-27,5740.49072265625,5759.061417316354,5631.015505942201,5706.959670438222,902597
2020-07-28,5967.98974609375,6003.658519628937,5728.949177640098,5746.854760027338,1774828
2020-07-29,5875.23291015625,5979.578790066018,5812.350247078784,5955.784146570439,2057197
2020-07-30,5951.46142578125,6073.285242257979,5860.889006304344,5874.1875125864035,2217867
2020-07-31,5948.94384765625,6060.176438053774,5897.887086359452,5951.081107431465,1613555
2020-08-03,5856.28271484375,6114.891181496372,5818.14412547723,6060.319622566494,1836582
2020-08-04,6040.32470703125,6057.327705806127,5875.090567705306,5888.389075053386,1223516
2020-08-05,6199.24169921875,6267.11176705228,6060.319791766424,6068.773750123574,2278663
2020-08-06,6227.263671875,6255.855556046095,6111.994014747555,6207.506074634019,1233252
2020-08-07,6344.33740234375,6411.3048805388735,6157.066029487353,6172.406713644211,1567980
2020-08-10,6277.75,6391.547500385481,6246.498601886793,6354.786442612933,1601750
2020-08-11,6316.03076171875,6377.1087158259315,6279.744651869402,6331.038890441622,880808
2020-08-12,6393.06689453125,6438.424301046968,6261.791914590527,6278.74760329712,1114981
2020-08-13,6451.86669921875,6490.53975191092,6378.402547100883,6450.237636009516,1087096
2020-08-14,6314.3798828125,6464.806409528637,6279.731983150809,6459.8705486267545,905793
2020-08-17,6487.08984375,6507.744457641683,6314.3796454468,6383.1952873255,1028536
2020-08-18,6606.60693359375,6637.085064936539,6479.901283798968,6487.089566472942,1322527
2020-08-19,6699.76708984375,6723.153344890935,6598.891518565219,6636.222855416134,1326450
2020-08-20,6684.81494140625,6708.104787980218,6594.098447830631,6604.689464143283,958157
2020-08-21,6683.18603515625,6771.3623029368855,6662.100405904358,6755.068862151334,971836
2020-08-24,6788.134765625,6804.907424770561,6665.933963278769,6694.687093242587,961177
2020-08-25,6814.4443359375,6877.461614930999,6781.569641921219,6804.90769359457,1047620
2020-08-26,6717.3544921875,6860.49726053499,6682.227843035757,6814.492249567446,992395
2020-08-27,6802.990234375,6831.456018915711,6671.492405568958,6750.276165215993,1158891
2020-08-28,6808.83740234375,6858.580225699054,6736.331683465758,6828.868656806282,1019984
2020-08-31,6555.66552734375,6862.4132976799765,6508.222865579063,6841.327670229004,1580774
2020-09-01,6618.634765625,6726.986421137266,6519.292798278358,6575.313665281995,1117127
2020-09-02,6633.1083984375,6689.895838036881,6567.599081268451,6618.492222000528,776392
2020-09-03,6778.64599609375,6821.104595410311,6633.107150086454,6637.180509966216,947751
2020-09-04,6891.2626953125,7019.597404064087,6675.5660196834315,6694.687038146866,2185292
2020-09-07,6909.52099609375,6996.595154039744,6832.941918073678,6924.712327114678,1348919
2020-09-08,6923.75390625,6975.509541761836,6840.992717718365,6919.920155471345,1145062
2020-09-09,6915.36767578125,6954.759559195336,6825.226796497861,6900.751500727626,1273303
2020-09-10,6931.08544921875,6996.019599174264,6870.080987175312,6962.09100039641,978701
2020-09-11,6894.61767578125,7044.421304213514,6876.7906405928725,6977.378866495784,1383019
2020-09-14,6832.55859375,6938.70556751041,6790.531007607252,6918.9616575747,1003491
2020-09-15,6759.6689453125,6876.79021462969,6713.8558123318435,6866.247400363359,894418
2020-09-16,6764.60595703125,6871.040282795568,6748.360249848458,6779.988695842634,920570
2020-09-17,6791.34619140625,6817.271745222792,6652.516390396491,6756.506885765749,1133411
2020-09-18,6675.27880859375,6851.870950520366,6643.506693209539,6850.912512843695,1143550
2020-09-21,6351.5185546875,6696.5079050798495,6316.104096420909,6675.278604787181,1290480
2020-09-22,6172.86572265625,6408.066707906455,6049.994290684431,6397.571627928698,2665724
2020-09-23,6231.0908203125,6277.71918872115,6114.832514711977,6193.424405966895,1456226
2020-09-24,6035.953125,6217.193314711297,6009.547886296645,6167.546430407305,1237674
2020-09-25,6227.640625,6247.62367599592,6067.868878486905,6129.208889262953,1316468
2020-09-28,6424.408203125,6440.701644785917,6270.387070347227,6305.561922774784,1099583
2020-09-29,6462.505859375,6530.123452518856,6393.737953786011,6468.496095053483,1199391
2020-09-30,6463.17724609375,6498.160224042694,6393.738243764602,6431.1173160936105,812841
2020-10-01,6513.82958984375,6621.84569980132,6493.7983366289245,6553.988501622612,1255993
2020-10-05,6535.4423828125,6591.75059233337,6464.661671800332,6579.674184864238,833476
2020-10-06,6605.93603515625,6651.365889400341,6546.1296151395245,6572.965871248442,756192
2020-10-07,6754.01416015625,6776.154163396457,6580.201399298294,6632.388516365415,1101957
2020-10-08,6785.59521484375,6843.245148654098,6729.191062843196,6795.323263859601,851205
2020-10-09,6768.87060546875,6861.455784806131,6710.022621794626,6766.570448488796,839682
2020-10-12,6840.03466796875,6857.6220942607615,6713.856431907287,6814.492395554719,799712
2020-10-13,6740.59619140625,6886.374654516832,6730.149314407404,6838.452771047683,819414
2020-10-14,6711.31640625,6780.946812429672,6639.529515218319,6747.401492509525,779630
2020-10-15,6606.1279296875,6756.88999601336,6572.678546820386,6736.858741240907,681316
2020-10-16,6608.33203125,6689.895173452128,6577.7579620919705,6608.427968617825,657914
2020-10-19,6567.1669921875,6689.894745123458,6541.336910525444,6685.10255691062,548457
2020-10-20,6560.1220703125,6660.182861846285,6526.960035857418,6533.669099036713,659864
2020-10-21,6576.65576171875,6658.841793698668,6483.4954309851355,6617.0538167855,911967
2020-10-22,6528.4462890625,6574.8827839662845,6493.607452199003,6544.212776810757,584523
2020-10-23,6808.0224609375,6828.581136399999,6548.046239837398,6572.965619555749,1758998
2020-10-26,6761.58642578125,6863.66004576792,6646.813505655394,6804.907999111309,1559351
2020-10-27,6860.88037109375,6910.096240822984,6759.861130625127,6773.279258489688,1461819
2020-10-28,6887.380859375,7027.265025076392,6814.491861469332,6895.911329062477,1645177
2020-10-29,6821.8720703125,6899.792866595093,6696.316734081918,6818.325663697387,1434852
2020-10-30,6675.662109375,6814.491900839748,6595.009672247301,6784.828067466128,1360249
2020-11-02,6582.8857421875,6760.244453311968,6565.2983166032545,6752.097732773117,1059351
2020-11-03,6626.015625,6673.841574495564,6567.646860393755,6651.557897102533,926491
2020-11-04,6665.02392578125,6760.819967203801,6622.325710716566,6626.01578969446,901404
2020-11-05,6798.00634765625,6809.6035367690865,6689.559221619907,6728.232274229464,843221
2020-11-06,6620.50439453125,6838.453035375932,6603.635797300655,6797.240213999455,1378439
2020-11-09,6586.52734375,6740.30885517707,6531.75272447818,6699.431582127544,1479540
2020-11-10,6511.0986328125,6684.144368433923,6480.42862710704,6683.2818681208855,1695413
2020-11-11,6572.3427734375,6617.053797985495,6472.425644462994,6573.9241020252775,1481918
2020-11-12,6552.69482421875,6641.973201577589,6509.708800160893,6572.007250103539,1418041
2020-11-13,6526.24169921875,6594.051164316922,6503.958023409104,6594.051164316922,970632
2020-11-14,6567.455078125,6574.787033321413,6550.922026923183,6565.298593185633,128193
2020-11-17,6691.28466796875,6706.09224875651,6577.7575419936065,6579.674417279048,1243068
2020-11-18,6761.10693359375,6776.1545927980815,6659.225192469741,6689.847464422724,1400300
2020-11-19,6673.8896484375,6833.661414567643,6627.789165318045,6738.77607374826,1305695
2020-11-20,6676.3330078125,6728.232313040019,6617.053545474116,6670.294569816209,923474
2020-11-23,6697.32275390625,6751.234872242943,6644.465010592236,6747.401121605667,735755
2020-11-24,6860.88037109375,6909.377412544525,6756.985817511292,6756.985817511292,1910670
2020-11-25,6762.44921875,6950.925903084638,6725.357491733261,6948.67348084169,947742
2020-11-26,6703.552734375,6802.990643542016,6616.095296191961,6785.738765325088,1068945
2020-11-27,6743.37548828125,6815.45018737181,6641.97297123986,6747.688457743094,2123905
2020-12-01,6806.53759765625,6844.9705772746265,6685.295221545831,6844.9705772746265,1076695
2020-12-02,6906.9814453125,6919.920354562721,6809.700016505281,6814.492205116475,1106734
2020-12-03,7417.44580078125,7459.377453000409,6948.290514809177,6948.673796317742,3846792
2020-12-04,7478.83349609375,7555.029297837975,7323.66251670515,7473.897635238574,2393536
2020-12-07,7421.56640625,7509.3593933291095,7370.385926573179,7503.416892383303,1037296
2020-12-08,7440.064453125,7680.1048921083275,7379.970222688248,7425.975231868643,1885285
2020-12-09,7388.8359375,7475.766425246962,7372.302886953984,7451.853217117424,822760
2020-12-10,7414.47412109375,7523.736019982671,7389.5547406454,7437.476626122996,1186739
2020-12-11,7412.12548828125,7471.692764123836,7379.970091505976,7456.597370754846,706875
2020-12-14,7376.90283203125,7499.774727866683,7336.840324833158,7485.398162893136,1038032
2020-12-15,7442.50830078125,7466.229633699615,7322.990933185573,7376.9030534545855,891801
2020-12-16,7472.31591796875,7570.699455092324,7447.06099076685,7494.982876164321,963504
2020-12-17,7374.2197265625,7506.388192919963,7308.087524699645,7475.71818625893,734075
2020-12-18,7245.54931640625,7405.848019824874,7228.29743801142,7393.3883298730525,1078328
2020-12-21,7069.5322265625,7283.167890674146,6975.605334433791,7245.788821357619,970306
2020-12-22,7088.0302734375,7128.8598142096225,6905.63976116422,7073.270426037512,1138240
2020-12-23,7140.3134765625,7241.572330880377,7086.6886974522295,7092.822605432248,951805
2020-12-24,7136.5751953125,7219.67193513103,7106.049327475445,7195.2317725946605,589281
2020-12-28,7171.98974609375,7229.496011597642,7144.195051100201,7154.737866442582,521320
2020-12-29,7142.61376953125,7231.412934835403,7109.9786828501165,7207.451990717326,538719
2020-12-30,7296.490234375,7317.671801031081,7121.192073563972,7185.407399126393,1029800
2020-12-31,7331.6650390625,7377.094891921753,7264.957682313484,7298.167454638502,908515
2021-01-01,7371.63134765625,7426.454168709292,7332.048059705245,7335.881810324699,767574
2021-01-04,7382.17431640625,7432.87604379968,7324.955868005311,7417.34916627098,598645
2021-01-05,7337.27197265625,7354.092366855671,7270.70828814898,7341.632676933981,562668
2021-01-06,7311.53759765625,7426.933397864853,7241.475711390875,7335.881820526208,840678
2021-01-07,7251.58740234375,7384.18735227476,7238.2174771667405,7356.967815081635,642968
2021-01-08,7681.7822265625,7725.007860421097,7284.126518511208,7284.126518511208,2557157
2021-01-11,7890.57763671875,7943.531317375725,7554.788909308269,7762.386599834217,2182019
2021-01-12,7847.73583984375,7982.827824598611,7801.6830942769475,7821.81028653491,1514072
2021-01-13,7801.5390625,7907.11087961648,7773.888041765972,7847.687743309059,877225
2021-01-14,7810.740234375,7840.020318663655,7689.97708521221,7825.451878553918,718274
2021-01-15,7691.22265625,7877.878391606825,7667.549058717204,7818.119709565248,751177
2021-01-18,7505.18994140625,7690.456226140257,7423.099847535454,7678.044270962752,771183
2021-01-19,7593.318359375,7658.204308683078,7509.359126090838,7571.657574488529,779892
2021-01-20,7806.42724609375,7830.435923020266,7533.559848705025,7554.405868451131,999226
2021-01-21,7741.0615234375,7923.404291857221,7688.060106986574,7863.981155762489,769494
2021-01-22,7714.3212890625,7962.700322645322,7667.501514343112,7748.968717933008,1172914
2021-01-25,7649.7705078125,7825.356481768154,7619.675657609228,7779.63881625184,753043
2021-01-27,7543.767578125,7753.761382336773,7495.4624092169015,7660.745186076048,1080785
2021-01-28,7273.1044921875,7652.693556377081,7247.705893117463,7514.151573927654,2085637
2021-01-29,6907.125,7365.5937702394685,6871.9983516743,7365.5937702394685,3069968
2021-02-01,7092.2470703125,7164.321772192158,6854.746396617835,6963.241730918002,1611478
2021-02-02,7336.55322265625,7446.821292444657,7178.8420189035305,7221.732105822272,1700845
2021-02-03,7273.775390625,7395.736584774118,7165.1363865615385,7360.8013443239715,1491567
2021-02-04,7322.4638671875,7442.268577056405,7216.125019513001,7284.12636002945,1198036
2021-02-05,7182.67578125,7414.474032121018,7150.903665157047,7360.801521030173,1128089
2021-02-08,7259.78173828125,7320.5465901955295,7163.8420382844315,7202.658762152318,912372
2021-02-09,7310.0517578125,7360.801219037045,7259.206827211794,7265.915890822896,925127
2021-02-10,7304.92529296875,7355.913901220504,7194.08159117399,7289.111069862977,1015600
2021-02-11,7348.67724609375,7422.141400735783,7253.120822115141,7284.126374689044,818869
2021-02-12,7253.935546875,7356.009159313685,7213.106008302097,7303.391024527229,756833
2021-02-15,7280.91552734375,7331.185770986961,7264.957633527166,7284.126387177634,470093
2021-02-16,7377.142578125,7474.85548706707,7308.326939704856,7321.505457841434,1321126
2021-02-17,7191.349609375,7371.82323284713,7160.775073751744,7360.753465112597,1023548
2021-02-18,7185.9345703125,7264.047244817752,7149.945420971512,7260.022087169292,821462
2021-02-19,7018.63916015625,7175.247784129424,6982.218528163086,7138.443870660078,1013887
2021-02-22,6791.92138671875,7020.556524989578,6762.736770010439,7018.6396494878745,1502068
2021-02-23,6680.79052734375,6826.329397438879,6649.641299578357,6822.926662536804,1589884
2021-02-24,6663.96923828125,6743.567297829538,6591.654930475078,6618.0119658204885,1225254
2021-02-25,6642.30859375,6775.195882975394,6627.596481931652,6771.362132298934,1740066
2021-02-26,6580.77685546875,6780.9466607404775,6538.653799760753,6613.220064891773,2687534
2021-03-01,6723.4404296875,6740.548636138805,6629.561270277685,6687.019797281495,1417600
2021-03-02,6914.26513671875,6934.296389983889,6737.816671953938,6766.569801421736,1395296
2021-03-03,6828.5810546875,6960.461703690628,6806.057769442356,6944.456075393812,796258
2021-03-04,6835.1943359375,6876.982312894349,6719.606656717458,6785.738857446812,906310
2021-03-05,6947.71484375,7010.97173155349,6776.1544965253825,6833.660758164919,1821165
2021-03-08,6957.779296875,7033.783228178935,6916.087252049038,6962.954767462848,977572
2021-03-09,6998.080078125,7024.772659672129,6954.423431348252,7024.772659672129,678485
2021-03-10,6969.85498046875,7079.979380002808,6949.63185114395,7015.764053285577,659270
2021-03-12,6801.26611328125,7009.055229202909,6767.912198962857,6996.595538517878,946720
2021-03-15,6794.65185546875,6865.241162890234,6719.606374552428,6848.037019851247,700250
2021-03-16,6853.11669921875,6900.751238714176,6804.907471509813,6804.907471509813,796357
2021-03-17,6771.02685546875,6871.950626842558,6750.7559915562215,6862.413984459792,688581
2021-03-18,6818.08642578125,6941.006065086321,6766.570397612458,6828.868850281695,984545
2021-03-19,6817.89404296875,6852.781548253438,6618.491274594932,6766.522158677948,838756
2021-03-22,6806.10595703125,6845.6415135498255,6757.177897916464,6808.7416607991545,533767
2021-03-23,6887.57275390625,6924.71221387687,6833.66063459406,6841.328136007349,757590
2021-03-24,6772.5126953125,6860.880370882668,6756.938082613042,6839.411459897462,457147
2021-03-25,6504.77294921875,6765.611673726528,6474.486224527714,6756.985734491008,1338767
2021-03-26,6502.47265625,6612.213769782683,6489.581482356324,6602.677127743718,911299
2021-03-30,6567.02294921875,6589.258890049846,6459.869806390685,6527.918880018836,1088817
2021-03-31,6574.1162109375,6651.461854322366,6512.776196720167,6567.502616264958,735382
2021-04-01,6636.126953125,6700.917437738833,6570.09068664803,6661.142271656281,660759
2021-04-05,6487.2333984375,6621.366943635077,6445.110341721981,6621.366943635077,668129
2021-04-06,6470.7001953125,6562.3751348358755,6440.7012827824965,6534.867785912464,628262
2021-04-07,6579.67431640625,6598.843068966793,6493.46266457036,6507.791494304215,598115
2021-04-08,6543.1103515625,6650.886387593955,6523.9415980144795,6595.009658196335,604553
2021-04-09,6543.35009765625,6589.498779189611,6496.290713115477,6565.298227329746,641327
2021-04-12,6249.5888671875,6459.726329784443,6231.905504690868,6459.726329784443,1020746
2021-04-13,6532.51953125,6560.88938095324,6199.941647171774,6249.013844928037,995718
2021-04-15,6368.10009765625,6562.279681758283,6278.725776385008,6562.040072317877,1267365
2021-04-16,6371.78955078125,6502.8559018093465,6331.4869660713675,6397.571430439074,1000325
2021-04-19,6241.10693359375,6258.598422293115,6148.378082543695,6230.180836989939,772219
2021-04-20,6370.39990234375,6401.118111697039,6285.961446617664,6340.065442463635,914142
2021-04-22,6373.70654296875,6397.475610363205,6272.974648672244,6350.560366472149,667911
2021-04-23,6398.6259765625,6435.621765113939,6287.351266795113,6287.351266795113,709306
2021-04-26,6362.97119140625,6506.832766556195,6325.688062935761,6412.139320324058,937344
2021-04-27,6295.7373046875,6430.158184913178,6270.099097585633,6392.731381927549,1610651
2021-04-28,6300.57763671875,6373.610777484186,6272.974817839699,6295.737713473571,1406270
2021-04-29,6292.7666015625,6371.167088833078,6279.684020118022,6359.234351874707,757075
2021-04-30,6187.3388671875,6286.968663325493,6154.129091137237,6265.403812904906,849997
2021-05-03,6323.62890625,6346.775085427108,6134.001894704545,6162.755028585972,834923
2021-05-04,6237.75244140625,6372.173334873346,6212.593450650376,6363.978879364876,507170
2021-05-05,6316.2001953125,6324.730196995153,6213.551427052519,6285.146908339745,499160
2021-05-06,6389.568359375,6430.158288044523,6302.398734622844,6316.10420602376,520125
2021-05-07,6424.45556640625,6473.815107407802,6364.02625728756,6401.4053271722305,605050
2021-05-10,6482.87255859375,6491.642169891519,6383.290975840221,6397.763478608966,541534
2021-05-11,6456.6591796875,6468.495978772832,6383.43463366747,6402.507450127467,406046
2021-05-12,6534.19677734375,6555.713890979036,6407.156046958311,6450.285743609489,770204
2021-05-14,6456.419921875,6557.774713252622,6421.724756351753,6555.714165701482,647029
2021-05-17,6438.640625,6554.180099461859,6419.184059416079,6437.346640542043,995827
2021-05-18,6528.01513671875,6578.716397642778,6436.340663964997,6505.875132167712,805827
2021-05-19,6494.2783203125,6570.043105985283,6479.039253535498,6516.418326152048,432774
2021-05-20,6457.8095703125,6531.465601380424,6449.806521895568,6498.974188861227,470476
2021-05-21,6531.41748046875,6551.40100042253,6463.9435589349205,6498.207707243765,434363
2021-05-24,6586.00048828125,6675.5184744415865,6519.293131823642,6519.293131823642,1027484
2021-05-25,6624.5302734375,6659.225909383056,6601.719640735534,6651.510672201065,438736
2021-05-26,6741.9375,6757.943595298872,6624.720767367155,6638.1388939214285,691574
2021-05-27,6679.25634765625,6775.196054358977,6662.2440785991175,6730.149482771076,922091
2021-05-28,6680.310546875,6754.110247321109,6652.0366356651275,6698.137581099671,393809
2021-05-31,6791.77685546875,6804.907639093976,6636.270339350018,6665.934173225156,718277
2021-06-01,6796.42529296875,6846.120380508412,6754.158097484099,6812.143577397407,642841
2021-06-02,6886.08740234375,6898.547092212072,6769.87683337959,6769.87683337959,598862
2021-06-03,6909.8564453125,6929.5044177279115,6867.253703294957,6900.751287363895,401590
2021-06-04,6914.8408203125,6969.759114589854,6853.884087594066,6900.751598603816,575591
2021-06-07,6973.25732421875,7024.246398266039,6911.390356407532,6920.878796265717,520482
2021-06-08,7031.81787109375,7060.2836582847285,6991.994971425365,7013.367945170343,538816
2021-06-09,6938.1298828125,7034.165518861858,6900.750815893079,7006.370828075622,443778
2021-06-10,6900.65576171875,6976.899764408638,6875.880052646111,6956.341087776896,278027
2021-06-11,6923.56201171875,6942.922640290457,6887.716535638259,6942.922640290457,253689
2021-06-14,6879.521484375,6913.162738043516,6800.162569568872,6895.958595769578,322353
2021-06-15,6868.404296875,6928.402591621483,6858.867654385676,6882.684925276302,207625
2021-06-16,6818.5654296875,6894.761227088513,6776.154561322785,6868.164580825895,283007
2021-06-17,6679.68798828125,6804.045281907661,6643.027745651499,6766.570273622037,595255
2021-06-18,6670.103515625,6699.33586553869,6537.503565943664,6699.33586553869,797389
2021-06-21,6613.12451171875,6637.1813927469375,6557.631059808598,6584.46731670346,443795
2021-06-22,6963.43310546875,6996.5474084797415,6641.973197556726,6651.557574465177,1757310
2021-06-23,7123.7802734375,7168.155752957693,6939.136871128617,6964.104454683928,2227399
2021-06-24,7214.591796875,7236.204379050685,7102.119043160804,7139.210300046566,1041762
2021-06-25,7331.09033203125,7346.425335994187,7226.620617533747,7226.620617533747,1216123
2021-06-28,7280.5322265625,7378.053260500658,7256.71495661752,7378.053260500658,433364
2021-06-29,7176.3017578125,7285.084428865818,7142.804175434272,7280.292240713689,480219
2021-06-30,7203.52197265625,7328.789969968249,7181.190560954949,7193.554313956682,729267
2021-07-01,7269.17431640625,7288.91822531485,7183.537819990694,7188.282273486046,584331
2021-07-02,7259.0634765625,7317.192629540697,7232.897846528413,7308.087471379634,434905
2021-07-05,7283.599609375,7370.385956426484,7267.83312192224,7280.5801562124825,484183
2021-07-06,7202.611328125,7339.6679144167265,7176.254292299668,7284.126264455397,425103
2021-07-07,7139.7861328125,7265.916635220788,7124.690738140988,7215.119434103955,395336
2021-07-08,7093.5888671875,7186.365443790854,7078.061990183443,7145.152625161486,391940
2021-07-09,7117.07080078125,7138.347836285288,7038.191099665201,7074.228449692441,400686
2021-07-12,7159.6259765625,7274.350695193344,7141.367456513621,7188.283171876946,496478
2021-07-13,7121.52734375,7216.26899981455,7096.272417871251,7207.4511861685305,350032
2021-07-14,7022.2333984375,7139.402406928166,7006.179567008308,7126.9427168637185,460178
2021-07-15,7003.30419921875,7052.184521397504,6965.92512931735,7051.226083707725,430055
2021-07-16,6999.9970703125,7028.223246133924,6970.525112748253,7028.223246133924,281552
2021-07-19,6867.7333984375,6993.720227248351,6853.884253810631,6950.30318458241,386598
2021-07-20,6932.09228515625,6963.049634533373,6847.510161240549,6881.582433028165,413816
2021-07-22,6996.1640625,7020.556490333643,6945.127252519076,6998.512422172868,439934
2021-07-23,6990.70068359375,7068.477806812983,6974.5509152783825,6996.594981658952,436330
2021-07-26,6935.06298828125,7054.1011320799535,6881.582354393216,7003.303936427747,431758
2021-07-27,6939.32861328125,7015.764020471496,6863.228752886136,6940.334785679485,417171
2021-07-28,6867.25390625,7008.096514507066,6769.445525432632,6977.426507879027,739427
2021-07-29,6702.833984375,6833.6607290475085,6647.723817205262,6833.6607290475085,1519226
2021-07-30,6687.69140625,6800.11596933031,6675.423122017597,6709.064381298403,715546
2021-08-02,6782.81591796875,6812.048268033199,6738.775518135805,6804.907719920952,433760
2021-08-03,6900.17626953125,6920.878617405924,6791.585465540392,6828.82086370592,470570
2021-08-04,6807.68701171875,6947.331571105895,6712.41839841218,6919.920159425421,484122
2021-08-05,6778.4130859375,6828.955807567708,6757.627252730639,6821.287458080371,495133
2021-08-06,6849.06591796875,6914.366040927938,6792.880966879394,6804.696686207198,517575
2021-08-09,6830.69140625,6910.990069655276,6788.492408964945,6882.053614374096,264983
2021-08-10,6753.720703125,6853.020690751743,6747.016902517532,6795.437426646641,356726
2021-08-11,6772.5771484375,6843.471461676859,6679.642808248589,6753.7684530882825,414311
2021-08-12,6763.4140625,6833.633004709169,6737.371253075085,6773.05954747219,330283
2021-08-13,6753.9619140625,6799.9705964216055,6726.616869006741,6780.776174843481,431784
2021-08-16,6584.828125,6769.201479481044,6568.575388325151,6734.960007192418,750966
2021-08-17,6641.30224609375,6696.860334711007,6507.230002607529,6558.92989716763,752517
2021-08-18,6597.6083984375,6697.583757925977,6578.2208790718505,6697.583757925977,434144
2021-08-20,6608.02587890625,6669.515851871138,6539.639477677537,6573.398678521005,657982
2021-08-23,6583.912109375,6672.747128480012,6559.894943739891,6660.20799684222,537302
2021-08-24,6562.0166015625,6609.086380389974,6501.635770734858,6548.802098607374,646993
2021-08-25,6473.51953125,6595.582961429751,6462.475262003411,6595.582961429751,722194
2021-08-26,6374.3154296875,6463.77730472412,6357.339281578004,6462.475070030743,1199429
2021-08-27,6389.98974609375,6457.267009461222,6366.020619717737,6394.715939935404,1428388
2021-08-30,6555.939453125,6568.575132375592,6417.960981794384,6452.82931506501,819447
2021-08-31,6603.3955078125,6628.377219495047,6523.771747425902,6578.220698043688,938326
2021-09-01,6544.365234375,6578.220982010331,6464.74194152219,6558.88197235043,1108476
2021-09-02,6552.08154296875,6615.790255255075,6470.384565961502,6609.761827009073,741052
2021-09-03,6619.79345703125,6711.329023126606,6512.246290305377,6529.993889992401,1196077
2021-09-06,6604.1669921875,6707.470230133092,6595.582604781433,6679.498323795177,897444
2021-09-07,6633.3447265625,6684.2246607350735,6610.726346465512,6635.99723497908,743783
2021-09-08,6540.8447265625,6615.211512504965,6516.4898761520735,6609.183084185552,847767
2021-09-09,6561.10009765625,6576.725971895935,6501.056952949852,6510.702438043249,515702
2021-09-13,6630.017578125,6650.996509155852,6571.758468738406,6593.171635006562,508397
2021-09-14,6650.03173828125,6708.434962833132,6608.218465706208,6665.030279392803,817280
2021-09-15,6664.0654296875,6692.037335529291,6636.093523845709,6692.037335529291,310138
2021-09-16,6685.23779296875,6702.647705470241,6626.44837193561,6668.21313471241,556648
2021-09-17,6765.77734375,6814.293944406337,6703.6120051840535,6708.434747633826,980793
2021-09-20,6703.99755859375,6766.7417188400195,6661.364799012803,6732.451738318262,550405
2021-09-21,6536.74560546875,6693.677844913622,6502.021857232528,6667.44193563564,1085249
2021-09-22,6588.8310546875,6603.299282739075,6544.461821996001,6578.221020783011,548623
2021-09-23,6603.97412109375,6635.996847342575,6579.185037314822,6624.5188148773195,432740
2021-09-24,6705.78271484375,6788.299655622879,6605.2285276349385,6607.157624751654,1649962
2021-09-27,7140.98681640625,7183.9572639076505,6726.761272622442,6726.761272622442,2646138
2021-09-28,7160.66357421875,7254.8996813798285,7073.516521853231,7183.957326619331,1346961
2021-09-29,7122.27490234375,7200.355299912038,7032.52384349078,7128.496429202936,643556
2021-09-30,7077.90478515625,7145.423178755112,7042.216491396852,7122.9493875598655,625717
2021-10-01,6908.3857421875,6964.040380709813,6838.649071915868,6964.040380709813,901588
2021-10-04,6916.10205078125,6959.169518890166,6878.966932835274,6925.458359794982,466994
2021-10-05,7000.9345703125,7041.2044726044505,6901.971794078686,6910.797319189194,546004
2021-10-06,6944.02587890625,7023.3599940626955,6910.266680967337,7013.135685635577,726695
2021-10-07,7226.8798828125,7287.164166119244,6969.104287392862,6978.460596550453,1646727
2021-10-08,7166.59521484375,7303.513060129443,7138.767896968776,7281.08730794302,630622
2021-10-11,7427.794921875,7537.753451192737,7156.756792591807,7157.142988769681,1069536
2021-10-12,7421.04345703125,7475.251274013128,7359.553486874045,7415.3527147716795,406814
2021-10-13,7216.89697265625,7475.203361705903,7172.913463768633,7465.605915067521,1084436
2021-10-14,7231.12353515625,7291.986639529581,7181.06356234097,7272.695669583736,831546
2021-10-18,7385.5478515625,7432.135355642512,7142.481629988287,7142.481629988287,913963
2021-10-19,7384.24560546875,7493.191546572694,7316.100348362764,7398.280068680016,658869
2021-10-20,7321.64697265625,7395.531486453972,7248.582419327698,7345.037275206975,488082
2021-10-21,7306.6962890625,7378.79629204688,7219.645783787046,7378.79629204688,563128
2021-10-22,7146.24365234375,7354.682688030858,7124.685898073819,7330.568974299609,224520
2021-10-25,7003.201171875,7133.848988068262,6963.702721066012,7094.254459182759,248058
2021-10-26,7038.64794921875,7077.808711725955,6954.587643327236,7007.444711676629,292203
2021-10-27,7095.46044921875,7196.738049513461,6987.189871760833,7026.7363633044815,1218064
2021-10-28,7108.43359375,7262.761360803999,6978.556755511844,6992.97694463434,961511
2021-10-29,7217.1376953125,7282.341268947866,7036.2368101921165,7089.431566459181,819875
2021-11-01,7345.56787109375,7394.229536145142,7138.624158232481,7138.624158232481,1005690
2021-11-02,7515.52099609375,7629.578859576034,7360.276722060768,7376.81910609945,1302733
2021-11-03,7460.05908203125,7564.230317879506,7438.212153151706,7515.520619635646,656492
2021-11-04,7472.7431640625,7542.721442280583,7461.26513078512,7499.075621432799,53365
2021-11-08,7412.16943359375,7603.150034952457,7400.016028404008,7484.848256638335,428433
2021-11-09,7308.91455078125,7489.237087486408,7271.442217035921,7435.704643883409,632879
2021-11-10,7245.3505859375,7311.277569561707,7195.531750518515,7301.632084641442,562432
2021-11-11,7189.21484375,7299.22142154961,7178.170574056451,7245.688975048652,486991
2021-11-12,7214.67822265625,7276.5539150006725,7178.1699675815225,7263.050235943142,349666
2021-11-15,7237.10400390625,7311.13310188847,7187.815480957774,7187.815480957774,314414
2021-11-16,7764.95361328125,7840.574126376977,7267.921456508652,7277.518903092639,2619355
2021-11-17,7981.39794921875,8053.980226106718,7730.904507570495,7750.14743913383,2377268
2021-11-18,7829.384765625,8071.341851138266,7717.449100544856,7942.092352088012,1337493
2021-11-22,7585.59521484375,7897.5786190792805,7529.795989294613,7868.786751835044,672298
2021-11-23,7575.56396484375,7671.970776390538,7528.301088057738,7570.837771359339,567198
2021-11-24,7397.55712890625,7617.956474479704,7365.871614571626,7586.656685374209,571078
2021-11-25,7304.0439453125,7445.7360340917485,7171.418518771665,7369.1509728870915,1007618
2021-11-26,6916.29541015625,7253.405129959557,6877.231193698356,7253.405129959557,1154876
2021-11-29,6896.03955078125,6954.394735454621,6742.869436258369,6911.954601146715,733010
2021-11-30,6817.2353515625,6992.976267670817,6766.837695012734,6896.039148374139,1287938
2021-12-01,7015.40234375,7118.3678956278145,6877.278810828573,6936.068230008078,1669583
2021-12-02,7065.26953125,7094.688259699652,6988.780554698344,7026.735631334951,618573
2021-12-03,6953.1416015625,7069.17660842496,6895.316725266466,7046.027442290126,603798
2021-12-06,6793.1708984375,6944.74960996639,6772.095418274171,6937.997770067812,609507
2021-12-07,6931.82470703125,7004.358475444318,6839.8068695102165,6876.266616329748,637151
2021-12-08,7171.3212890625,7232.039803329634,6897.582623052259,6968.862660429805,930339
2021-12-09,7158.6376953125,7204.212611080818,7065.317629691658,7204.212611080818,615037
2021-12-10,7162.39990234375,7210.000467854146,7097.10024757868,7118.368354884763,431682
2021-12-13,7249.9326171875,7307.32325583462,7161.772974031329,7219.645886952794,883009
2021-12-14,7227.5068359375,7288.417982361446,7193.409950676778,7250.318314833076,749704
2021-12-15,7299.6552734375,7369.150806992017,7188.828269995364,7210.964847260775,529018
2021-12-16,7186.658203125,7350.824555983726,7143.446616141645,7322.370373540278,595582
2021-12-17,7037.9248046875,7214.822908545069,6984.295812937813,7214.822908545069,1081907
2021-12-20,7028.279296875,7061.989984859454,6786.41875696994,6944.749301361654,867425
2021-12-21,7055.8173828125,7142.43412704457,7025.771789029176,7047.474131870082,415744
2021-12-22,7160.5673828125,7189.744976795336,7046.50951542505,7046.50951542505,368978
2021-12-23,7125.2646484375,7234.114045299973,7094.254507090841,7215.7876230518805,249919
2021-12-24,7057.6982421875,7185.742061343465,6995.050625895686,7177.205712538874,357447
2021-12-27,7031.07666015625,7070.140876458648,6931.438983259757,7019.116352322056,190180
2021-12-28,7038.74462890625,7098.112400601719,6997.895905799779,7060.4950091594765,214533
2021-12-29,7089.4794921875,7103.899680606437,6983.765353690059,7038.985755144875,287776
2021-12-30,7024.083984375,7132.981426221989,6998.185760484558,7089.432151485633,296041
2021-12-31,7163.17138671875,7185.404041225903,7031.606594716379,7031.606594716379,313398
2022-01-03,7257.16650390625,7336.307992429113,7156.95000703163,7156.95000703163,456599
2022-01-04,7359.6015625,7377.831434852905,7253.404679055281,7330.568558619699,495182
2022-01-05,7499.7021484375,7531.194562242444,7335.970043296536,7354.537601611491,710043
2022-01-06,7602.66796875,7619.402979733314,7411.542774081676,7506.116567893493,739981
2022-01-07,7625.720703125,7663.144997823037,7557.7200315375585,7602.668087376784,523116
2022-01-10,7837.53564453125,7940.163514125068,7643.227154403252,7668.160828145566,827930
2022-01-11,7855.13916015625,7873.079858195914,7783.231779902716,7812.84361012207,688923
2022-01-12,7881.0849609375,7909.298005652786,7827.311379984434,7909.298005652786,288174
2022-01-13,7790.70654296875,7967.170885534933,7670.08993726075,7885.184260199526,684931
2022-01-14,7797.603515625,7856.247878620297,7669.125461376302,7669.125461376302,299536
2022-01-17,7972.47607421875,8072.210771493286,7812.939837558697,7836.7639042632945,862249
2022-01-18,7634.5458984375,7956.512467488479,7611.734420807309,7956.512467488479,785199
2022-01-19,7731.53173828125,7774.261049207993,7581.351345753701,7647.905193445432,681632
2022-01-20,7751.44970703125,7851.42506840713,7714.024941321621,7716.388273618802,522850
2022-01-21,7899.2666015625,7951.737946510738,7577.541162252774,7687.451653771298,1041476
2022-01-24,7766.833984375,8037.389848595177,7670.861405088342,7898.687957572291,1153538
2022-01-25,8297.625,8356.848657893428,7608.262432190567,7706.742933583621,2162832
2022-01-27,8507.5107421875,8653.591798739057,8102.255319133033,8349.13169244294,2899559
2022-01-28,8247.806640625,8613.41858138253,8220.219986834129,8483.204526680778,1045088
2022-01-31,8292.513671875,8410.86397607352,8249.591258235634,8319.231857068131,561419
2022-02-01,8255.9580078125,8479.153997992476,8054.945694415383,8384.821329368091,819689
2022-02-02,8213.3720703125,8375.175090164521,8141.0309287989285,8275.537412974885,580433
2022-02-03,8288.9931640625,8486.098286821052,8220.55825489098,8246.890242364174,810019
2022-02-04,8247.4208984375,8372.281903930018,8191.042844002474,8333.60388158843,404421
2022-02-07,8209.8984375,8309.584133879,8102.206236167569,8242.065748577605,446099
2022-02-08,8294.5869140625,8477.512974730878,8136.979309965948,8311.225375942955,998182
2022-02-09,8632.1787109375,8671.097865906813,8316.337118081952,8316.337118081952,1403525
2022-02-10,8493.2841796875,8729.164338137967,8478.28563819102,8729.164338137967,811887
2022-02-11,8427.40625,8550.723412797499,8365.819256193276,8428.225739540276,671572
2022-02-14,8069.798828125,8309.633243946644,8029.866144037359,8198.662129047154,995540
2022-02-15,8317.0126953125,8357.089497850706,8060.249691408884,8111.853037126633,682766
2022-02-16,8278.6708984375,8426.681039168241,8241.101549777157,8410.862068592793,422704
2022-02-17,8249.2529296875,8351.35001067624,8222.77588522295,8271.003309769712,305313
2022-02-18,8265.3125,8339.438620308674,8218.001582600626,8246.889999701416,385273
2022-02-21,8307.3671875,8414.9623860113,8144.261468370386,8241.150555136834,626049
2022-02-22,8317.1083984375,8352.796691997894,8087.593900516814,8193.839291771326,620828
2022-02-23,8390.4619140625,8478.332843091273,8348.359939352207,8381.926037050067,557954
2022-02-24,7919.08837890625,8282.81924767348,7865.8931514486285,8104.136635005687,947351
2022-02-25,8059.8642578125,8165.868526756862,7918.509847500662,7967.171513230768,1344343
2022-02-28,8019.40234375,8044.287509937579,7826.444108340829,8005.75360390148,961303
2022-03-02,7537.17529296875,7908.33337801111,7488.754768493506,7907.07965331358,1783011
2022-03-03,7326.27685546875,7658.467766690633,7290.5405185923655,7643.083028289462,1050154
2022-03-04,6990.3720703125,7252.633181037174,6877.230721032281,7216.75178888689,2511658
2022-03-07,6529.0771484375,6780.631691875622,6491.411716095793,6744.123435206803,2469925
2022-03-08,6565.00634765625,6611.980048570581,6304.819386591054,6467.297771796608,2840376
2022-03-09,6777.73828125,6827.171395958099,6536.745724425194,6630.306936653207,1827539
2022-03-10,6956.130859375,7137.514491957839,6922.853935285613,6997.799544014441,1535070
2022-03-11,6850.75341796875,6944.748852985373,6829.00303876895,6944.748852985373,1024452
2022-03-14,7057.3603515625,7074.963361972315,6763.414191431476,6800.0670350245155,1023874
2022-03-15,7157.046875,7349.860038239408,7058.566372681888,7061.460018366234,1586111
2022-03-16,7220.4169921875,7326.469288434,7176.240859157945,7301.632164492694,584457
2022-03-17,7420.27197265625,7467.486812424012,7263.050559482849,7305.4906955541965,1133271
2022-03-21,7432.376953125,7658.515550949162,7378.796469113488,7565.918889375974,1354525
2022-03-22,7491.310546875,7532.159270227099,7269.464390881629,7441.443671784276,1093502
2022-03-23,7373.82861328125,7584.051673960492,7341.178552721325,7523.478217215391,808597
2022-03-24,7289.04541015625,7383.619207832918,7259.530130101874,7329.8936647905375,565485
2022-03-25,7152.5615234375,7274.914126635109,7123.190832564137,7248.582140381786,686637
2022-03-28,7212.267578125,7271.731905200948,7150.198781437143,7161.773364652744,599515
2022-03-29,7175.4208984375,7294.976873715066,7138.623467259987,7267.872966599649,446257
2022-03-30,7329.2177734375,7359.456460825728,7224.467720044804,7254.3687212893155,589206
2022-03-31,7293.240234375,7381.448381270736,7261.120958375238,7329.169665259627,434317
2022-04-01,7427.0712890625,7454.995155774028,7250.848565439871,7305.490142299455,449386
2022-04-04,7499.17138671875,7517.6909060535245,7361.096365028724,7378.795923955538,491029
2022-04-05,7486.68115234375,7619.933438469116,7455.960187261552,7505.152162623821,488132
2022-04-06,7469.65625,7570.7407385643055,7402.9093092726525,7464.640409701766,393628
2022-04-07,7369.6328125,7473.321776225378,7350.872155791076,7388.200371120591,458566
2022-04-08,7290.00927734375,7456.441926999986,7248.967457474619,7435.511036869695,849846
2022-04-11,7297.1953125,7346.53187533021,7219.645705330323,7344.892425421261,496254
2022-04-12,7348.26806640625,7438.115663852844,7234.113658678121,7272.6955981910705,598047
2022-04-13,7204.6953125,7431.798454409791,7176.241130597765,7348.268456733102,527991
2022-04-18,7305.00830078125,7329.604288325968,7094.254446721608,7113.063143079333,551783
2022-04-19,7171.51513671875,7405.803889188246,7089.431959564158,7311.2781297273905,425990
2022-04-20,7394.904296875,7426.0590255570805,7207.685335703198,7233.1493223344005,542622
2022-04-21,7599.87109375,7619.740417025317,7413.568165271199,7436.476193243879,772708
2022-04-22,7624.2734375,7732.44745501631,7456.924276717376,7512.8680883911065,960818
2022-04-25,7631.845703125,7714.459191040411,7533.124066269768,7533.124066269768,701521
2022-04-26,7626.44384765625,7781.495018935314,7552.414750327054,7716.387995225598,801963
2022-04-27,7512.28955078125,7586.17406113346,7446.314526630682,7572.670381940088,570519
2022-04-28,7608.50390625,7658.515845100174,7491.359761957607,7565.9191799704995,561932
2022-04-29,7444.19287109375,7664.785320580329,7355.647499496079,7637.295685944133,1162749
2022-05-02,7364.0869140625,7475.251132517027,7276.843310843641,7393.264507192646,544053
2022-05-04,7135.63330078125,7472.357278535089,7095.701086813396,7378.796073421121,599211
2022-05-05,7145.03759765625,7270.7665887519815,7118.512513921748,7185.886320801574,524174
2022-05-06,7021.189453125,7098.980193068194,6902.935716460349,7054.707512471236,650559
2022-05-09,7099.3662109375,7161.290413678111,6877.230877436182,6946.196095912575,570578
2022-05-10,7249.4501953125,7306.455107573704,7089.576276622026,7089.576276622026,663616
2022-05-11,7134.23486328125,7291.552345136006,7086.152026887302,7252.4400922766345,605312
2022-05-12,6996.49755859375,7064.3056048526905,6955.166558659415,6965.487416625857,571754
2022-05-13,6850.17578125,7079.786375798791,6811.979564374384,7079.786375798791,703097
2022-05-16,6990.662109375,7046.3647876928835,6896.522077452228,6903.273917248334,369545
2022-05-17,7265.7509765625,7315.762912024575,6997.847622422591,7021.913296628403,811448
2022-05-18,7298.30517578125,7369.29604844158,7243.374414428446,7297.774862428398,576970
2022-05-19,7142.0478515625,7258.227914002938,7123.239154642492,7185.886772002908,363255
2022-05-20,7317.64404296875,7377.735228583033,7185.886618296792,7253.935329360867,742204
2022-05-23,7617.47412109375,7672.839113571493,7500.426060564373,7523.575225723371,1161175
2022-05-24,7526.03466796875,7660.39656389671,7515.0869477051365,7638.25998623139,581609
2022-05-25,7511.1806640625,7580.8692965038,7423.213648288,7562.060599858743,454335
2022-05-26,7528.30078125,7562.011938543521,7349.859314942345,7523.47803891736,476799
2022-05-27,7661.361328125,7683.497435442503,7555.309023417853,7644.047492734135,431411
2022-05-30,7729.79541015625,7774.2611918122975,7669.125401501188,7697.290407110532,389517
2022-05-31,7683.93115234375,7812.842967106822,7619.933264215296,7729.795245817829,2494005
2022-06-01,7657.93701171875,7782.846054620698,7600.739468492588,7692.323074894856,522004
2022-06-02,7644.43310546875,7689.381162807304,7577.107803997138,7644.047380236814,352848
2022-06-03,7431.89404296875,7711.565061836095,7408.696840520706,7668.160380437393,591905
2022-06-06,7437.19970703125,7501.197598147985,7322.322350372092,7417.378422522003,606990
2022-06-07,7532.544921875,7542.769230115125,7287.163878966722,7345.084827697067,991192
2022-06-08,7612.6513671875,7640.18903981245,7446.990154261382,7546.627830765384,813596
2022-06-09,7648.7255859375,7726.034059769587,7552.5118659047885,7569.777191145034,687937
2022-06-10,7653.7890625,7705.006683154732,7548.556724674076,7548.556724674076,442921
2022-06-13,7621.47705078125,7684.896119058004,7517.450393641839,7571.658211492642,565826
2022-06-14,7534.71533203125,7621.283561471091,7475.251010125539,7528.301178584495,553462
2022-06-15,7575.03466796875,7647.906128974215,7538.912133189869,7538.912133189869,604566
2022-06-16,7555.8876953125,7740.502195539011,7528.30151229682,7656.586470802326,1319566
2022-06-17,7415.59375,7571.416848933662,7375.082711394333,7528.301340886387,1317656
2022-06-20,7389.3583984375,7508.142458110326,7355.647238245194,7426.830732807565,1043423
2022-06-21,7504.76611328125,7562.060199681587,7354.826861367297,7441.443598788054,954884
2022-06-22,7506.83984375,7590.032151934567,7443.035054623504,7475.2508803523815,796824
2022-06-23,7977.78076171875,8022.921443799289,7526.37205702955,7533.123896629602,1676430
2022-06-24,8066.71240234375,8092.562114392281,7946.2399149486755,8015.398232491043,1156788
2022-06-27,8149.2294921875,8243.707210241195,8093.76795103635,8144.647886614144,921090
2022-06-28,8188.728515625,8237.149044193533,8083.929932462313,8116.917683284191,691242
2022-06-29,8207.248046875,8227.599645775323,8073.271868128892,8092.514801292581,655413
2022-06-30,8170.44970703125,8328.49061166368,8136.545448401958,8198.662752385046,1130302
2022-07-01,8104.71484375,8150.434819395318,8011.153639314338,8140.789334401951,530569
2022-07-04,8144.02099609375,8167.411299503191,8025.044303775507,8104.715640879946,625431
2022-07-05,8052.7275390625,8206.910264685486,8039.513034109328,8197.216739097556,610290
2022-07-06,8324.1025390625,8345.708804692193,8073.271861549359,8080.023701815887,976098
2022-07-07,8301.291015625,8391.572383107867,8272.16146103318,8386.749640358954,547662
2022-07-08,8175.46484375,8350.048117910472,8145.611880028661,8314.407863332985,686327
2022-07-11,8206.0419921875,8222.776533046888,8117.736817331827,8152.075311479581,536114
2022-07-12,8121.20947265625,8196.203121105937,8079.29965050402,8193.83978881142,424358
2022-07-13,8140.98388671875,8187.234183912042,8083.88241696957,8154.294469998896,413855
2022-07-14,8264.0107421875,8282.915516768653,8150.43515175914,8164.855340800639,606496
2022-07-15,8466.85546875,8487.062949876195,8272.161714780965,8291.259588264094,631246
2022-07-18,8396.203125,8529.503940388491,8376.140700931093,8489.95744467935,478682
2022-07-19,8406.8603515625,8486.966864564503,8360.17676552595,8391.524594328766,478458
2022-07-20,8438.8837890625,8551.157623526165,8411.056938568972,8464.39628806789,398132
2022-07-21,8485.1328125,8518.795930569939,8412.839716950451,8481.274618655507,421090
2022-07-22,8517.8798828125,8573.871735627083,8479.345981313723,8536.25434360442,415294
2022-07-25,8315.951171875,8544.549171901732,8189.016962982915,8515.51663812658,623462
2022-07-26,8223.595703125,8319.617262786342,8171.027808269397,8316.337421009406,429454
2022-07-27,8351.1572265625,8398.75826154491,8160.080540101201,8252.242963486655,1298855
2022-07-28,8411.8759765625,8459.23587571831,8322.896372476212,8391.572417893802,725196
2022-07-29,8462.515625,8625.958582230971,8420.509719655192,8453.97974621909,821432
2022-08-01,8684.2177734375,8762.924567237074,8509.82662233224,8536.25563236633,1009408
2022-08-02,8847.8515625,8870.8076287566,8636.567398788253,8666.468402737597,848311
2022-08-03,8698.72265625,8878.630080711957,8597.894209741975,8878.630080711957,753729
2022-08-04,8705.7607421875,8784.69464569483,8573.038651799883,8761.393068385294,643264
2022-08-05,8583.9130859375,8723.722552646597,8553.62084518847,8705.857630420762,558385
2022-08-08,8662.3125,8736.149179127979,8583.718036527056,8583.912405955258,520993
2022-08-10,8621.29296875,8737.606491852412,8569.155497204221,8678.478357124777,445375
2022-08-11,8557.359375,8736.150838601623,8470.124462765121,8695.081992836633,508318
2022-08-12,8446.044921875,8558.474838462274,8422.548976024982,8558.474838462274,712782
2022-08-16,8741.6845703125,8776.9280186347,8451.725169731442,8482.891600276735,963726
2022-08-17,8684.060546875,8806.054391881047,8660.419534242441,8747.800448825605,623749
2022-08-18,8687.3134765625,8750.130833693996,8618.670725226728,8665.273878860937,442229
2022-08-19,8523.474609375,8707.022889557931,8461.385424007289,8694.838295816457,572597
2022-08-22,8376.916015625,8512.30806181129,8351.867012717406,8496.336584693368,488485
2022-08-23,8466.7255859375,8502.163403022154,8314.779877067685,8356.528538290702,558231
2022-08-24,8450.7060546875,8516.727195739746,8343.90715004416,8407.986492830165,442582
2022-08-25,8481.677734375,8577.893454877401,8427.404096019904,8467.210958685435,525721
2022-08-26,8466.822265625,8575.708978348455,8452.8418875481,8543.912032998376,398063
2022-08-29,8577.1171875,8602.069484489366,8340.023432989312,8352.256382632386,459057
2022-08-30,8817.9482421875,8897.319242633295,8611.874910754837,8626.244027628834,1016312
2022-09-01,8761.87890625,8964.942831769546,8680.808831600782,8689.49856815299,888864
2022-09-02,8660.03125,8883.630071681207,8643.040515716848,8763.820743249975,632909
2022-09-05,8689.595703125,8754.403221054095,8616.729911921098,8641.00239054623,386455
2022-09-06,8630.0791015625,8760.179576838482,8611.874744014556,8722.848317998105,397902
2022-09-07,8529.251953125,8615.321590162988,8505.07618607834,8606.04969331032,496785
2022-09-08,8534.833984375,8626.53463974913,8524.493530391064,8572.067583123315,428924
2022-09-09,8685.6630859375,8727.411745974981,8475.94888667945,8577.553853679285,632296
2022-09-12,8667.84765625,8750.033695485483,8644.885513471248,8708.86814287895,383641
2022-09-13,8666.7294921875,8727.459031986495,8651.583847798667,8711.196474545824,405093
2022-09-14,8706.24609375,8738.091392752645,8568.863879075056,8602.019512529176,509547
2022-09-15,8941.7373046875,9053.633417433799,8767.218204764313,8767.266560086897,1392132
2022-09-16,8922.2236328125,9044.799648848075,8757.558570305428,8941.495601422796,1056382
2022-09-19,9010.767578125,9071.54642423058,8806.053903840548,8908.289378608135,727024
2022-09-20,9030.1865234375,9155.578521577434,8980.816683413708,9067.226703394661,747257
2022-09-21,8978.7783203125,9124.50989846724,8943.388857881135,9029.361785033554,440725
2022-09-22,9128.2470703125,9160.4327538402,8918.678884660952,8931.30057261007,511112
2022-09-23,9071.546875,9175.966877699775,9007.369879215528,9124.460872972135,574213
2022-09-26,8577.8447265625,9000.525247497377,8543.911615234638,9000.525247497377,865432
2022-09-27,8518.716796875,8649.691460696517,8418.180387789052,8631.292733688331,686285
2022-09-28,8472.7939453125,8592.45726255658,8408.034783998733,8466.24037621394,663740
2022-09-29,8373.8583984375,8543.911748461194,8353.712242894253,8515.173515473816,817007
2022-09-30,8571.244140625,8613.817691232303,8309.149712296052,8415.75425468909,658982
2022-10-03,8298.2744140625,8708.964723779178,8262.351148200758,8708.964723779178,1123076
2022-10-04,8437.5986328125,8503.668126972147,8378.859237232826,8445.85127516667,503140
2022-10-06,8449.734375,8568.184058298863,8437.598136957084,8479.832245346433,474445
2022-10-07,8523.619140625,8588.183924950521,8457.501297137043,8495.366358621184,428616
2022-10-10,8604.4970703125,8618.13801384287,8406.044903316746,8422.550188989695,411218
2022-10-11,8431.4326171875,8592.455831103944,8412.839522770133,8554.590771509249,422610
2022-10-12,8433.8115234375,8466.239931791491,8340.605212261815,8444.880152147065,380365
2022-10-13,8397.83984375,8529.785406344867,8341.964792016925,8412.840423978894,355605
2022-10-14,8366.529296875,8511.484354520344,8355.849405917097,8505.076799203092,274160
2022-10-17,8469.9296875,8495.076354363522,8317.74124803097,8359.441555523788,304671
2022-10-18,8551.046875,8629.592982866981,8497.356350263954,8509.978037185145,369973
2022-10-19,8465.6083984375,8597.311236100028,8441.967385419506,8593.816378717163,385416
2022-10-20,8454.0078125,8484.88221647866,8360.412753250255,8446.822779384185,328270
2022-10-21,8450.025390625,8538.086122821365,8389.538570309236,8475.948584515638,356203
2022-10-24,8510.3671875,8533.037300847083,8491.336997412618,8533.037300847083,30052
2022-10-25,8742.9462890625,8754.597078120662,8541.388017613752,8563.329957749167,727441
2022-10-27,8778.8212890625,8812.802757493555,8642.94377066445,8786.636837172913,849108
2022-10-28,9216.3076171875,9272.037602094768,8787.607329905411,8830.326888243257,1873029
2022-10-31,9250.337890625,9484.713312742115,9176.064109437082,9369.17631978313,1932020
2022-11-01,9179.4619140625,9356.457571999075,9102.178727801758,9354.61248451946,805517
2022-11-02,8960.81640625,9179.462121967295,8941.980584718545,9170.14186999638,788679
2022-11-03,8970.2333984375,9039.070523139704,8897.707994967608,8941.980614190836,616860
2022-11-04,8960.9130859375,9052.663049274744,8923.581826569969,8988.486999150275,465775
2022-11-07,9061.6923828125,9080.624915267537,8984.99135389209,9007.030953096686,469017
2022-11-09,8984.21484375,9204.9483754156,8951.689723820717,9204.462925864418,617256
2022-11-10,8832.51171875,8981.544728596726,8807.02561771758,8933.242499020995,445700
2022-11-11,8823.0927734375,8971.106511516497,8786.635706626006,8932.270552592183,461074
2022-11-14,8886.0078125,8896.396622281125,8730.858329198512,8835.181624937073,282822
2022-11-15,8895.5712890625,8935.71758472611,8864.308150643998,8922.562092488319,359888
2022-11-16,8869.1142578125,8983.24324882681,8835.035133072926,8893.43508881422,350737
2022-11-17,8724.9365234375,8902.75612709297,8708.965043400302,8836.15282720024,409572
2022-11-18,8590.5625,8761.344009235847,8578.863356961054,8747.799778884008,515615
2022-11-21,8607.21484375,8669.352385809261,8530.319445822935,8568.184510515297,520644
2022-11-22,8615.515625,8674.93483773057,8601.24321903799,8616.729248837864,455948
2022-11-23,8674.498046875,8727.41204805634,8642.943825987044,8679.837991948347,621006
2022-11-24,8706.1484375,8733.140189435924,8661.390370832612,8707.89681429394,455343
2022-11-25,8757.0244140625,8815.763809489163,8687.119679009282,8738.091881652254,545439
2022-11-28,8723.9169921875,8839.161954726167,8689.54678542123,8765.276913830487,439956
2022-11-29,8650.90625,8762.122563840929,8629.352098109994,8723.52932060287,606692
2022-11-30,8712.9951171875,8757.510464626592,8611.87558993768,8664.304144825688,1087650
2022-12-01,8697.4599609375,8762.364185089828,8670.128772615197,8756.587145942953,694489
2022-12-02,8559.30078125,8669.061687248786,8499.979223211922,8563.330391927713,971612
2022-12-05,8536.193359375,8595.564219410166,8509.930727989231,8586.631757939163,519621
2022-12-06,8463.666015625,8543.911197206182,8441.918446918244,8521.77488964213,551379
2022-12-07,8407.1611328125,8493.279122539667,8389.538935284545,8466.239962467449,546450
2022-12-08,8430.025390625,8457.501644175036,8355.605599012373,8412.840287771402,476001
2022-12-09,8362.693359375,8508.716962847233,8296.769879563164,8453.618439082684,790406
2022-12-12,8407.7431640625,8440.316638010012,8267.496604729244,8358.470036596214,445039
2022-12-13,8369.8291015625,8444.247940160652,8359.440292754642,8409.92704016733,330236
2022-12-14,8390.12109375,8425.171119354329,8345.896830372862,8398.2770252632,343670
2022-12-15,8334.34375,8421.189914536635,8325.4596441252,8389.538983660157,472176
2022-12-16,8238.85546875,8338.081547309217,8200.21387384416,8310.410922705314,624222
2022-12-19,8353.4697265625,8370.558119371977,8205.068180440669,8251.476967149069,464106
2022-12-20,8276.2841796875,8334.587434904843,8186.670373552277,8334.587434904843,694906
2022-12-21,8107.39599609375,8317.644000662416,8047.102594791698,8276.283131278393,800720
2022-12-22,8091.81201171875,8140.017528174884,8046.811220600363,8113.463818763955,580858
2022-12-23,7904.67236328125,8087.54130718741,7886.468004797199,8058.1716088331395,503012
2022-12-26,8016.51904296875,8103.123427388151,7841.029040632253,7909.914517485175,315102
2022-12-27,8063.75390625,8073.025802780812,7991.275911096266,8057.443062267068,423308
2022-12-28,8175.98974609375,8207.495611785942,8046.423070465984,8073.026085290128,538632
2022-12-29,8190.31005859375,8203.126115748555,8090.50182536782,8126.425090403055,452134
2022-12-30,8150.3095703125,8242.933727854706,8118.901362279507,8223.51574498579,433976
2023-01-02,8158.75537109375,8207.980139986395,8094.967117211773,8121.5701290497045,398159
2023-01-03,8138.80419921875,8157.494006362583,8062.49191138502,8136.134226769631,493207
2023-01-04,8177.68896484375,8288.614189934988,8069.190987566324,8132.251075397912,566744
2023-01-05,8214.8740234375,8228.369900230444,8145.891831778754,8199.19457180585,417716
2023-01-06,8139.0947265625,8237.058815572782,8107.006704027368,8213.805594739106,368978
2023-01-09,8133.22119140625,8201.135768326225,8082.831152385896,8179.678330831971,613406
2023-01-10,8051.81201171875,8165.261188932978,8022.442314814442,8136.134216796476,493677
2023-01-11,8043.36474609375,8092.104067557962,8009.092199591137,8092.104067557962,327536
2023-01-12,8125.6484375,8133.221260385428,8019.626072673228,8073.025519888365,283772
2023-01-13,8207.3984375,8252.69030945622,8107.977995171599,8152.639351629256,705220
2023-01-16,8136.2314453125,8266.526298591705,8100.793626957492,8233.224647958064,500575
2023-01-17,8232.5927734375,8246.13700529589,8099.386177550274,8165.115287060325,409248
2023-01-18,8246.865234375,8288.954278856521,8217.980986417417,8226.427998137942,402883
2023-01-19,8254.244140625,8271.08885958494,8210.407670041088,8232.252898276874,184776
2023-01-20,8194.1943359375,8252.642653535986,8167.203529593497,8215.79684170705,346337
2023-01-23,8172.154296875,8235.166026654724,8134.0958113148245,8233.224228487628,410827
2023-01-24,8445.6572265625,8464.298679628822,8172.05803927917,8204.09771081252,1039571
2023-01-25,8528.474609375,8575.951955759909,8427.695470009296,8493.32881962791,1131883
2023-01-27,8483.23046875,8630.321675160945,8369.24654076223,8571.5339271779,743546
2023-01-30,8560.41796875,8607.021128838465,8464.29895106754,8523.523800346631,1036998
2023-01-31,8636.4384765625,8683.575437703681,8573.23332512745,8599.156520431907,643670
2023-02-01,8513.66796875,8767.655735482958,8421.481860156522,8676.92502735736,707460
2023-02-02,8612.0205078125,8679.83742656914,8496.434218466187,8509.93009439357,456995
2023-02-03,8682.0703125,8702.168112295461,8587.748039468328,8679.837434332414,351157
2023-02-06,8648.7685546875,8675.953727513192,8563.329440092473,8667.167280925032,205161
2023-02-07,8507.455078125,8660.420042954505,8497.842797698786,8648.769253659051,318669
2023-02-08,8577.6025390625,8596.826151772137,8420.65631899709,8517.697874470265,391645
2023-02-09,8545.0771484375,8575.951549465744,8446.82197218974,8546.144758165037,392186
2023-02-10,8554.9306640625,8616.728765678852,8517.648710739959,8541.775172026431,276298
2023-02-13,8553.0869140625,8606.438007040198,8500.901089585568,8531.29004053597,253037
2023-02-14,8519.1044921875,8589.543021470028,8509.92930746974,8558.474255030891,227030
2023-02-15,8587.9423828125,8636.827723705504,8487.600335319208,8519.106202239313,452568
2023-02-16,8548.8642578125,8621.584987925366,8534.20405899369,8621.584987925366,247514
2023-02-17,8551.4365234375,8615.758588627557,8495.12437579941,8531.290367170424,214587
2023-02-20,8440.6572265625,8591.48602046348,8422.792304105074,8551.436433126592,298434
2023-02-21,8417.548828125,8466.23979519541,8387.06316655599,8440.996419659275,323478
2023-02-22,8406.966796875,8465.269097128434,8335.168620122446,8423.034987055595,363931
2023-02-23,8443.181640625,8492.891866188767,8365.266984691678,8440.463312663542,317544
2023-02-24,8408.4716796875,8485.658158359072,8358.761455996071,8457.502084378248,242982
2023-02-27,8380.9951171875,8391.528992808764,8281.769042894784,8378.858949611018,220225
2023-02-28,8373.373046875,8455.560032719859,8354.877609150033,8398.276987372463,370998
2023-03-01,8509.10546875,8520.852968246663,8369.149988467312,8369.149988467312,333441
2023-03-02,8299.9736328125,8515.755956531475,8261.47710446412,8515.755956531475,603893
2023-03-03,8350.9453125,8377.887760681588,8301.186737029502,8342.012851762433,437977
2023-03-06,8380.2666015625,8410.898276255133,8340.945190943969,8388.567598619918,275417
2023-03-08,8440.8994140625,8458.520662482937,8359.488961917008,8374.004091971809,348171
2023-03-09,8293.37109375,8482.744758434275,8285.700612215858,8471.093970165854,431466
2023-03-10,8351.2373046875,8376.917776558934,8233.321414553073,8281.769660877111,516128
2023-03-13,8270.5078125,8385.947154138346,8234.292515191366,8351.237509047904,479314
2023-03-14,8264.4384765625,8296.283774806016,8199.242228078841,8296.283774806016,349510
2023-03-15,8228.3212890625,8451.628075871835,8194.388176829487,8398.27698217714,509229
2023-03-16,8191.912109375,8285.070059784477,8166.231640719175,8213.90240324742,340261
2023-03-17,8074.82177734375,8263.273860997706,8052.20001800757,8255.555023546185,471602
2023-03-20,7980.4013671875,8074.821298795093,7893.409192490795,8074.821298795093,488199
2023-03-21,7988.9462890625,8034.189806479607,7975.935862263441,8005.062834371523,287497
2023-03-22,8012.248046875,8048.364734586075,7977.877839757324,7996.324922507159,218120
2023-03-23,8110.11376953125,8131.279178241124,7993.022780478442,8023.50938853548,540553
2023-03-24,8003.02490234375,8142.445639624772,7972.05284051261,8110.11488788351,391840
2023-03-27,8037.4423828125,8074.773643753948,7990.062695196493,8009.917771908322,364326
2023-03-28,7969.916015625,8112.443808031562,7903.118349912935,8064.190883255215,360349
2023-03-29,8053.89892578125,8077.006134190782,7949.2361948837515,8009.7713730920705,339851
2023-03-31,8050.8408203125,8126.424931004732,8016.761695264068,8083.6570180993085,478757
2023-04-03,8255.603515625,8329.343492908047,8146.182995928574,8168.02822597758,627265
2023-04-05,8201.2333984375,8299.24585633922,8184.679757714041,8273.95412334774,272888
2023-04-06,8268.8076171875,8286.623235160903,8133.317898805413,8217.689403913519,309551
2023-04-10,8286.76953125,8306.818028049687,8158.513195918223,8210.504651203672,308275
2023-04-11,8407.548828125,8418.61745674903,8296.332529600912,8330.313996954455,409240
2023-04-12,8370.1689453125,8456.482248876868,8340.99361890721,8419.636440829161,408458
2023-04-13,8418.4716796875,8450.705719256408,8369.150195311378,8376.965743394047,480202
2023-04-17,8422.208984375,8592.4557365762,8398.275945919111,8592.4557365762,489356
2023-04-18,8478.5224609375,8494.20191261999,8437.113234791217,8439.977576783887,276111
2023-04-19,8427.35546875,8487.405196234375,8410.364735233721,8437.161169979094,280819
2023-04-20,8461.0458984375,8485.561099777691,8412.986394820095,8417.694876018091,369060
2023-04-21,8309.3916015625,8450.705776100991,8301.187314529352,8426.822037471034,424157
2023-04-24,8219.77734375,8327.401123822834,8198.999724892488,8327.401123822834,543745
2023-04-25,8222.447265625,8276.914322554696,8174.969923273964,8262.350836943164,906406
2023-04-26,8259.341796875,8301.18716813763,8189.437062827526,8278.856489205798,959058
2023-04-27,8294.3427734375,8320.605404835698,8224.729117352907,8320.605404835698,536521
2023-04-28,8339.5859375,8361.819905514865,8286.720293380393,8342.935728928423,387567
2023-05-02,8521.435546875,8570.126516913391,8355.55781177712,8371.772016680858,865562
2023-05-03,8541.2900390625,8571.096829582497,8461.433592049229,8514.784684576178,537008
2023-05-04,8544.494140625,8566.194304143297,8488.570732374192,8540.659847739607,271926
2023-05-05,8688.236328125,8726.440827210981,8534.20281165827,8544.49396252637,951591
2023-05-08,8812.123046875,8855.522426719439,8699.256025340861,8782.753348798375,678780
2023-05-09,8846.39453125,8874.016797233337,8788.431671731265,8818.67555462477,415394
2023-05-10,8901.3486328125,8912.85340746338,8796.345519784121,8863.143185758172,366827
2023-05-11,8991.3994140625,9043.924673542431,8876.007492793027,8973.971586442358,644550
2023-05-12,9024.896484375,9058.294846789848,8963.972561725504,8991.448818486891,403028
2023-05-15,8939.359375,9036.643657508928,8918.097252927364,8973.049764458503,259316
2023-05-16,8807.365234375,8960.71893794303,8793.529922101274,8950.815577423631,448981
2023-05-17,8854.017578125,8866.250527453385,8769.208973367913,8816.103209984913,290482
2023-05-18,8789.83984375,8883.725967924982,8780.907383202717,8878.82311753861,272497
2023-05-19,8840.9580078125,8852.851520655504,8699.788912851176,8796.345008784929,543472
2023-05-22,8890.18359375,8902.853637334196,8809.792390022041,8825.47278969243,182115
2023-05-23,8932.951171875,8966.252820007649,8890.279968554958,8902.173482041162,269008
2023-05-24,9000.962890625,9047.032242852245,8892.464915485196,8901.203007442764,470365
2023-05-25,9011.740234375,9022.95487849334,8947.855257536177,8952.418673341179,218979
2023-05-26,9126.4033203125,9141.015162355934,9040.28437923385,9061.401434972695,346760
2023-05-29,9061.88671875,9212.667158833798,9041.060743497743,9160.432977061793,236834
2023-05-30,9110.28515625,9129.266991056305,9029.361100270073,9107.033023713255,372004
2023-05-31,9095.091796875,9174.948248799807,8997.904226922868,9174.948248799807,1614766
2023-06-01,9056.837890625,9104.65467133022,8953.631505858506,9065.770351979376,378706
2023-06-02,9209.3173828125,9247.959925439804,9041.692222377013,9115.771633948654,445105
2023-06-05,9303.251953125,9359.467390672915,9212.424531301715,9274.513718817741,434649
2023-06-06,9452.8671875,9485.683384606156,9331.310441090049,9348.78662337489,542318
2023-06-07,9425.001953125,9514.81010977337,9369.660710649787,9503.159321883852,453747
2023-06-08,9377.525390625,9480.829431066833,9345.389010623023,9449.760660785816,273746
2023-06-09,9347.6220703125,9431.217050858768,9331.407865878622,9393.934146540369,161389
2023-06-12,9272.5234375,9417.721207309742,9260.096118731455,9344.90377529446,316879
2023-06-13,9240.5322265625,9338.155941885789,9229.027451432281,9308.980613425925,561014
2023-06-14,9255.0947265625,9319.65951012572,9214.316968522571,9242.958489050618,328167
2023-06-15,9315.630859375,9415.58511144527,9265.29012024884,9276.940909460092,459978
2023-06-16,9324.2236328125,9362.768515704696,9274.027961024545,9315.824976559355,682099
2023-06-19,9254.6103515625,9361.55526819141,9233.25057106162,9357.525657612188,395006
2023-06-20,9215.8701171875,9261.30894938822,9145.8686777964,9252.667568938396,612713
2023-06-21,9166.1123046875,9259.46463155151,9122.616215036212,9225.483163363997,356331
2023-06-22,9129.412109375,9218.055002884095,9101.013312203248,9164.36447512485,288487
2023-06-23,9055.8662109375,9152.665032553654,9034.215352488782,9145.868739435178,309138
2023-06-26,9194.609375,9242.959963330699,9029.362149052049,9055.867506376975,405168
2023-06-27,9185.6767578125,9223.54182424889,9121.645769940687,9213.832832854943,339375
2023-06-28,9263.0087890625,9296.358793571013,9158.054028470306,9199.705978719325,482586
2023-06-30,9504.1796875,9566.754324402056,9263.348354302534,9290.533529223452,845006
2023-07-03,9391.5078125,9501.073406223031,9375.536331284813,9458.548211566913,398066
2023-07-04,9366.65234375,9433.74109221052,9340.09768451523,9417.721257082492,247673
2023-07-05,9701.5146484375,9744.865671442603,9393.448561221214,9414.808340895308,815044
2023-07-06,9572.4833984375,9724.816905226207,9529.569466649222,9708.943083481232,652120
2023-07-07,9563.59765625,9655.590334398239,9529.373467281921,9567.238527416817,457050
2023-07-10,9452.9638671875,9644.279328000497,9436.895678156938,9567.238870604539,272008
2023-07-11,9612.0458984375,9667.095111987492,9452.963531970772,9510.926390598943,568772
2023-07-12,9549.5693359375,9660.446204618234,9519.66583279214,9607.046753235922,552967
2023-07-13,9366.796875,9610.88127372846,9332.281603641468,9566.219917739332,519564
2023-07-14,9324.17578125,9444.226889429947,9311.893528034689,9419.614975815384,498441
2023-07-17,9407.57421875,9416.749403931568,9276.939947888042,9366.26265591585,444583
2023-07-18,9384.37109375,9482.091517493769,9322.28190781044,9427.624458236169,320985
2023-07-19,9327.9619140625,9384.711158857306,9248.445842775905,9370.14767164617,450254
2023-07-20,9488.111328125,9500.247566713033,9296.79585265196,9340.049217350985,466813
2023-07-21,9485.732421875,9558.501497971269,9420.633827812619,9437.13911226823,328483
2023-07-24,9412.6728515625,9529.375118547263,9398.303733829598,9485.733012303272,358506
2023-07-25,9474.615234375,9490.490002970442,9336.941936616897,9343.932599512089,240998
2023-07-26,9472.4306640625,9524.519777885036,9442.236082556212,9477.43117347857,209861
2023-07-27,9469.759765625,9541.170143014499,9409.613333258965,9485.68288790817,256672
2023-07-28,9388.8857421875,9466.26659309518,9268.591907906073,9455.586702579893,381151
2023-07-31,9534.95703125,9551.413960097183,9326.456456196065,9388.885076699904,600060
2023-08-01,9433.984375,9604.1344521059,9369.225211659626,9475.97576350117,1394528
2023-08-02,9372.865234375,9508.45166849811,9243.29856410308,9432.284446973854,672815
2023-08-03,9353.1669921875,9467.096143417108,9325.62741451082,9407.215387326862,614897
2023-08-04,9281.3310546875,9424.023878676262,9238.797119829567,9369.141876055019,540470
2023-08-07,9333.6640625,9349.344634127146,9233.896616935514,9300.539046350883,366329
2023-08-08,9352.0400390625,9430.88410727405,9315.23988773146,9349.492328915996,430636
2023-08-09,9274.17578125,9349.589722473089,9229.486534559504,9349.540912099568,404602
2023-08-10,9209.982421875,9310.338452867058,9155.541634229601,9274.174755418453,523490
2023-08-11,9170.046875,9279.958264197749,9157.453798781684,9209.983330725638,498504
2023-08-14,9135.5498046875,9177.05393211578,9073.07253128165,9173.133789470707,336864
2023-08-16,9231.4951171875,9249.331958399975,9069.397786108702,9147.653254187211,336363
2023-08-17,9188.12890625,9285.593652265496,9163.334193375274,9226.93889589693,402798
2023-08-18,9267.265625,9280.937313300275,9150.249946313745,9163.333039002911,400745
2023-08-21,9250.361328125,9279.958599452,9225.321605902582,9266.776927083794,375347
2023-08-22,9302.4013671875,9318.228369713006,9221.842240164495,9232.132615151146,435930
2023-08-23,9409.2744140625,9447.544618640753,9257.417683369353,9328.960293033333,546842
2023-08-24,9382.568359375,9468.762694157276,9364.241499616104,9468.762694157276,385559
2023-08-25,9315.92578125,9432.598842881795,9295.638850332094,9363.261315347689,346449
2023-08-28,9406.0888671875,9476.94525716966,9320.139544538106,9324.990912685867,325938
2023-08-29,9429.1689453125,9491.401215342625,9316.219825297194,9408.34318565675,317224
2023-08-30,9600.822265625,9621.941843879642,9418.14322543935,9467.145011211667,543634
2023-08-31,9804.0810546875,9864.059431616364,9575.046517604256,9575.046517604256,1581818
2023-09-01,10124.994140625,10190.362715261912,9752.678183785385,9799.37726916969,1193178
2023-09-04,10155.5712890625,10258.965057022971,10080.941186518608,10193.351474472745,819552
2023-09-05,10057.2236328125,10204.817578462993,10041.249242857875,10143.369150745262,507107
2023-09-06,9975.63671875,10055.167004344756,9927.909742384272,10055.167004344756,663758
2023-09-07,10075.5029296875,10095.251033646504,9947.363250378437,9947.363250378437,445805
2023-09-08,10125.728515625,10192.370941008518,10094.367374268051,10191.390905341112,439721
2023-09-11,10323.548828125,10339.376787740266,10137.489430557851,10138.469466272329,598050
2023-09-12,10293.90234375,10357.409421208553,10197.271208921495,10333.496167887386,568773
2023-09-13,10264.306640625,10326.048891874958,10231.573064278722,10290.3752083263,301707
2023-09-14,10278.76171875,10368.77761417135,10222.801106535933,10256.122320040833,501196
2023-09-15,10315.12109375,10339.376978129972,10268.226766775177,10279.888617752527,544616
2023-09-18,10312.033203125,10411.556593601199,10284.54339329456,10290.423607464327,430213
2023-09-20,10140.1845703125,10284.543640233222,10131.168050289143,10284.543640233222,545106
2023-09-21,10078.9814453125,10138.469806591378,10002.73485557998,10136.558545470765,577252
2023-09-22,10324.8232421875,10355.791986744709,10102.648962866928,10170.810252768031,986206
2023-09-25,10376.814453125,10505.982970245197,10319.776182526299,10324.823749335661,756801
2023-09-26,10345.89453125,10421.65110146789,10316.39488165331,10419.642219642517,452503
2023-09-27,10467.5166015625,10492.262503693853,10314.87603693049,10339.376930129849,458359
2023-09-28,10354.419921875,10491.282291815134,10321.784924094629,10437.870345537327,598144
2023-09-29,10398.7666015625,10491.772373982238,10300.714219437177,10330.556498449092,481725
2023-10-03,10140.33203125,10495.98642180295,10097.601899377474,10495.98642180295,623006
2023-10-04,9927.6142578125,10078.589523126337,9888.5602179743,10078.589523126337,407793
2023-10-05,10006.3125,10065.898482807923,9907.181500027642,9978.675300148663,377196
2023-10-06,10096.3759765625,10126.659460673662,10055.165669301818,10077.706489028324,335700
2023-10-09,10040.26953125,10128.081304063639,9980.634741830618,10045.365908294749,230083
2023-10-10,10167.8701171875,10209.031615493222,10065.063992164152,10084.567084902108,348342
2023-10-11,10204.2294921875,10231.572871480841,10133.618110287489,10143.320846698965,193526
2023-10-12,10369.66015625,10412.438140460928,10212.168227310747,10251.173456890281,569237
2023-10-13,10513.3828125,10530.53343893087,10319.580733831168,10323.745885964378,625954
2023-10-16,10490.7919921875,10595.018404481723,10452.080582622233,10515.734091788974,304196
2023-10-17,10536.16796875,10582.278458582416,10354.371340246978,10515.783416913295,474718
2023-10-18,10573.06640625,10594.038596123572,10497.21125976164,10540.284020463509,267435
2023-10-19,10556.650390625,10583.111353646504,10486.381641854683,10486.381641854683,286284
2023-10-20,10511.5205078125,10583.405745080654,10482.16824657196,10548.222079890242,232512
2023-10-23,10342.9541015625,10510.540205507947,10320.21708201165,10467.761264569113,227925
2023-10-25,10377.4501953125,10434.880859116067,10291.942084144373,10309.97512307961,401105
2023-10-26,10216.0400390625,10382.498728257417,10185.021524770173,10328.596762045017,506129
2023-10-27,10349.86328125,10628.487241307852,10231.572780014198,10231.621590386318,1116713
2023-10-30,10190.1171875,10486.381782329607,10040.465547660451,10486.381782329607,991168
2023-10-31,10184.8251953125,10280.574878203372,10114.948838697523,10280.574878203372,439996
2023-11-01,10023.5595703125,10214.1276929371,9985.240559411153,10182.667974486172,699116
2023-11-02,10097.896484375,10138.470349314739,9997.345194138197,10084.862199650408,569194
2023-11-03,10071.140625,10162.970161070143,10036.545556366376,10112.008304910485,517582
2023-11-06,10079.51953125,10132.540035517952,10047.32574214613,10132.540035517952,490459
2023-11-07,10048.6005859375,10119.849377948924,10031.498770309154,10094.368447886298,264935
2023-11-08,10116.2216796875,10134.009709352365,10055.753289379962,10113.967789132203,287006
2023-11-09,10192.71484375,10240.981606398265,10110.784234548155,10143.32161418317,310536
2023-11-10,10181.39453125,10208.444090391236,10113.968267546245,10167.870230212431,206395
2023-11-13,10190.8037109375,10220.79242084072,10156.747470010832,10220.79242084072,261891
2023-11-15,10247.302734375,10287.435390228538,10167.919837679896,10287.435390228538,436538
2023-11-16,10275.1845703125,10333.202876710944,10201.388071550276,10270.774409545043,488715
2023-11-17,10313.40625,10395.043036837824,10289.54276223327,10290.375409797121,403772
2023-11-20,10355.302734375,10381.861320350294,10290.375365994321,10290.375365994321,234246
2023-11-21,10324.8232421875,10406.99885085216,10290.374605325142,10406.99885085216,312242
2023-11-22,10285.033203125,10340.601417318643,10211.971734956547,10339.376372724719,378891
2023-11-23,10279.1044921875,10314.875795421027,10186.539928434371,10278.418275780758,453820
2023-11-24,10305.712890625,10355.547323622734,10253.133591987984,10296.206352830368,380306
2023-11-28,10327.1748046875,10345.649051524346,10296.254870347866,10329.527273149655,268026
2023-11-29,10387.6435546875,10422.238624022013,10315.56211924531,10358.977510016923,343341
2023-11-30,10396.9052734375,10436.400522069289,10335.554462304062,10369.758092216653,665660
2023-12-01,10374.3642578125,10544.204255778059,10322.764994600631,10396.218862839822,591519
2023-12-04,10387.83984375,10481.579686489125,10216.87242032472,10481.482065743203,625235
2023-12-05,10507.845703125,10554.985039929044,10352.510036567084,10438.263164793063,580996
2023-12-06,10413.6142578125,10534.354846521206,10378.577981811577,10507.845072456807,464163
2023-12-07,10483.099609375,10714.583283926331,10422.680023590914,10574.585562251617,704413
2023-12-08,10406.55859375,10533.424415097585,10340.35736915655,10515.783771306018,548373
2023-12-11,10331.2919921875,10425.620434262872,10290.424309506285,10417.780148168295,579749
2023-12-12,10132.001953125,10411.899779738804,10095.445854096295,10407.979636749444,1088687
2023-12-13,10172.8193359375,10205.014082794203,10055.166242033363,10153.169811643824,603469
2023-12-14,10146.505859375,10285.474731026045,10106.422016186574,10231.572767214093,635475
2023-12-15,10081.0390625,10267.588465086925,9636.298120222105,10250.192832352031,1244681
2023-12-18,10113.576171875,10144.25205537764,10022.041410422487,10089.467676135842,652498
2023-12-19,10029.29296875,10169.83047112539,10002.44056477739,10113.576039051319,585734
2023-12-20,9879.9853515625,10103.237302798834,9790.557089855858,10035.566026038437,964051
2023-12-21,9812.9501953125,9897.62566364919,9702.353548048319,9800.357119240725,739806
2023-12-22,10013.1728515625,10112.302895470968,9829.758774357071,9849.359489759578,652545
2023-12-26,10065.603515625,10075.942700302981,9912.766764835318,10064.96610962708,395273
2023-12-27,10083.09765625,10099.610875552891,10025.76556577125,10080.647566913301,397675
2023-12-28,10066.5341796875,10105.099158210323,9983.62354339436,10105.099158210323,584234
2023-12-29,10096.6708984375,10189.089035061437,10067.907232080515,10075.208689811181,705227
2024-01-01,10078.0009765625,10138.469370990719,10010.722099635568,10138.469370990719,411724
2024-01-02,9994.1591796875,10089.173833356683,9948.391320534685,10078.001043416072,776837
2024-01-03,9876.4580078125,10006.165361081927,9864.06017231044,9996.365003235618,521046
2024-01-04,9815.3515625,9917.961493874556,9786.195499808025,9898.360779459785,711733
2024-01-05,9817.0185546875,9873.860630775338,9770.956872340459,9810.795710218159,673131
2024-01-08,9748.12109375,9926.732596504771,9714.01604348494,9805.2569825047,600153
2024-01-09,9823.9755859375,9842.156014025986,9692.553179943881,9775.856215363016,666469
2024-01-10,9810.353515625,9850.093771685033,9751.3551753119,9849.309934541447,481699
2024-01-11,9811.2353515625,9921.979389479007,9800.357337744063,9824.95585183534,1024815
2024-01-12,9766.693359375,9844.410000585867,9737.58610706725,9824.858096551572,850190
2024-01-15,9885.5224609375,9897.18431149926,9749.395119714558,9785.754061269035,463380
2024-01-16,9980.2421875,10035.565393214682,9859.158970287079,9885.472545547342,536823
2024-01-17,9851.025390625,9958.926942240796,9796.878416256839,9921.881782864586,610250
2024-01-18,9726.3642578125,9849.358737570217,9543.24497097576,9747.483835632574,614860
2024-01-19,9837.3046875,9850.976377136963,9750.424138542056,9761.155721034129,377018
2024-01-23,9663.59375,9773.896582791436,9635.809162111234,9665.112614006734,956269
2024-01-24,9788.79296875,9800.357198831394,9560.248447460024,9663.152198047756,459092
2024-01-25,9683.7333984375,9800.161455960038,9620.569901940842,9788.793423907258,718817
2024-01-29,9791.9296875,9834.658863862809,9677.901952442116,9732.882532886373,446516
2024-01-30,9752.97265625,9833.188195464594,9733.22455406953,9810.990004034245,399869
2024-01-31,9983.5263671875,10031.253341616297,9715.094197741317,9760.469660656285,997024
2024-02-01,10425.5712890625,10486.186116158031,10000.284592465012,10006.164806847095,1869594
2024-02-02,10442.7216796875,10497.75011047029,10329.968762857905,10386.41843683099,814940
2024-02-05,10220.3505859375,10545.13478315941,10192.370759544463,10390.337960835615,365105
2024-02-06,10628.3408203125,10640.003629112358,10249.214355424692,10290.32704848357,829040
2024-02-07,10717.376953125,10754.422112406533,10571.449249704627,10643.18805674898,560808
2024-02-08,10529.40625,10732.37126661803,10476.533131015403,10732.37126661803,557082
2024-02-09,10518.576171875,10554.984882313152,10399.256820953771,10497.407782792641,645489
2024-02-12,10495.888671875,10534.355073628376,10437.429158740553,10486.382134041196,190655
2024-02-13,10578.9951171875,10613.786383726956,10427.726993243092,10515.782816010178,397979
2024-02-14,10807.78515625,10829.394752555672,10489.714753369839,10491.282427702125,354676
2024-02-15,10868.8408203125,10910.73734609581,10760.791885397646,10819.594026847906,447248
2024-02-16,11153.1982421875,11250.809411397233,10876.435788126002,10897.996572712302,716486
2024-02-19,11254.0927734375,11381.203597407204,11106.793596514268,11153.198861976376,581383
2024-02-20,11217.9296875,11250.76088303389,11089.936452462543,11211.608265901896,355044
2024-02-21,11236.94140625,11290.990755325554,11143.005371760399,11227.288437896845,348461
2024-02-22,11425.0595703125,11461.517088419963,11163.831255533469,11270.410133974312,584406
2024-02-23,11305.2998046875,11486.018776454071,11246.106220727714,11471.269430104021,472884
2024-02-26,11238.0693359375,11303.682917255755,11188.528722874256,11275.310692418325,277700
2024-02-27,11271.0478515625,11332.055073322037,11156.971314313407,11187.10741180908,307585
2024-02-28,10930.142578125,11269.38233758116,10907.797954321833,11241.990146812735,358812
2024-02-29,11062.9853515625,11122.42489819859,10907.307067098529,10932.29797686186,943841
2024-03-01,11388.9462890625,11441.917028302787,11069.503454790576,11069.503454790576,487355
2024-03-04,11362.681640625,11444.171037326345,11313.679854130094,11368.414466818447,369936
2024-03-05,11437.6044921875,11495.81899678797,11330.976797253708,11364.543020667177,320702
2024-03-06,11336.1220703125,11445.83726141884,11288.443906409533,11437.604578481421,639542
2024-03-07,11280.259765625,11401.245364720759,11193.135165761978,11340.041943580729,255325
2024-03-11,11168.0458984375,11325.195200953356,11123.454273014575,11285.25874521744,525344
2024-03-12,11280.11328125,11344.795637421294,11153.786296749622,11172.406975041358,283816
2024-03-13,11162.7548828125,11324.166009553213,11042.650732746413,11280.211787802544,385204
2024-03-14,11176.9150390625,11231.209401017784,11076.412566943933,11174.122320074566,523058
2024-03-15,11247.52734375,11291.040355536295,11088.172961226006,11152.806508459347,972333
2024-03-18,11403.9892578125,11432.508871005486,11139.379618039467,11208.325703975555,311049
2024-03-19,11365.5224609375,11446.767800703834,11227.43600944938,11311.669309526122,409259
2024-03-20,11702.75390625,11784.929518444049,11418.543547801037,11418.543547801037,1031037
2024-03-21,11670.4130859375,11760.428986646324,11589.265360276711,11759.448950897437,544311
2024-03-22,12091.38671875,12179.19753516242,11652.673352226242,11652.673352226242,1062263
2024-03-26,12005.9765625,12075.902686318417,11898.810037878187,12040.277813169314,507568
2024-03-27,12260.58984375,12468.701009189264,12040.425387083254,12044.639349388686,878986
2024-03-28,12348.7919921875,12472.717693274693,12138.231712669492,12318.99948225088,860324
2024-04-01,12318.65625,12435.672894438543,12256.473751002231,12361.532811520347,314676
2024-04-02,12301.849609375,12395.491831346111,12213.450195698377,12372.90219933172,333508
2024-04-03,12179.736328125,12275.437197344861,12164.741973283033,12201.444501771868,271935
2024-04-04,12316.353515625,12396.471433220524,12072.128430452703,12240.645758631064,491166
2024-04-05,12173.611328125,12307.19096253899,12137.252385705406,12242.606225704061,231600
2024-04-08,12608.2568359375,12669.558834307869,12201.444401801082,12201.444401801082,570422
2024-04-09,12630.7001953125,12726.449875326129,12524.856338927199,12608.256994789539,314466
2024-04-10,12429.5478515625,12699.302679667018,12349.332311844517,12674.801787014474,464239
2024-04-12,12021.6572265625,12407.25248024691,11980.936932939849,12407.25248024691,973366
2024-04-15,12174.8359375,12260.246430350826,11792.720597815296,11955.945349885284,831257
2024-04-16,12253.0927734375,12299.35065078029,12030.281078518032,12062.279627564827,579183
2024-04-18,12157.3427734375,12350.40980498665,12074.08854989179,12319.048662806077,679117
2024-04-19,12457.1845703125,12504.667489858364,11980.936045853672,12152.344667078454,635535
2024-04-22,12530.24609375,12622.026817328044,12406.271581149056,12527.943392745508,342212
2024-04-23,12736.7890625,12764.47507123449,12521.230017240714,12588.55866175339,397281
2024-04-24,12685.630859375,12812.937879111638,12642.460478379491,12740.464047979332,296364
2024-04-25,12664.51171875,12721.549989639434,12485.997827734702,12705.183201538015,640725
2024-04-26,12449.736328125,12784.565913271828,12407.252162669325,12664.021520222197,704626
2024-04-29,12436.505859375,12735.367942659235,12351.390140188016,12544.505986791457,613937
2024-04-30,12561.6083984375,12736.544782219135,12485.851825333535,12530.7372718878,528776
2024-05-02,12549.7001953125,12587.726347419655,12264.951004398947,12495.455600297666,814923
2024-05-03,12242.75390625,12573.858599642494,12163.616019896053,12562.049360336654,834990
2024-05-06,12190.9580078125,12393.92397745703,12125.491813841638,12299.448152249954,342231
2024-05-07,12117.2099609375,12258.776306362313,11994.656690535903,12223.397401131855,604375
2024-05-08,12293.1259765625,12309.198944036398,12078.93937683516,12144.601765333979,399669
2024-05-09,12255.00390625,12485.458728885334,12188.459098810272,12289.647785722218,504590
2024-05-10,12422.4423828125,12443.464339766435,12251.426154987106,12255.34629774528,328670
2024-05-13,12420.8251953125,12454.686194732147,12228.444376930858,12407.252083560961,281421
2024-05-14,12558.3740234375,12583.658753819329,12398.824398252458,12420.825434704158,331037
2024-05-15,12512.41015625,12615.412487128873,12446.45394212739,12564.058231344341,232030
2024-05-16,12248.1435546875,12591.498679517415,12054.439115665024,12591.498679517415,914201
2024-05-17,12389.1220703125,12413.035325702796,12076.294464047884,12265.294934760297,809226
2024-05-21,12224.279296875,12425.775214190853,12193.408171841442,12348.597401606958,443136
2024-05-22,12281.169921875,12312.188434443555,12116.278916215912,12179.68741708615,280015
2024-05-23,12676.6650390625,12716.061711285434,12224.034945345828,12315.178271775096,768732
2024-05-24,12740.90625,12773.78625875411,12555.238281486796,12608.16021320175,624801
2024-05-27,12648.4384765625,12797.796301386987,12521.916249402422,12763.44624121208,464953
2024-05-28,12562.685546875,12726.695099500428,12544.702274168867,12632.66048038411,333806
2024-05-29,12533.333984375,12593.50760233975,12495.455221602284,12562.097649450829,353706
2024-05-30,12346.490234375,12554.257810949655,12299.448518924135,12467.034630217842,524559
2024-05-31,12151.7568359375,12381.1340071376,12083.840551259707,12346.490126907525,908304
2024-06-03,12227.0732421875,12568.9583261908,12154.942037709397,12568.9583261908,485936
2024-06-04,11932.9638671875,12345.706297991725,11330.634289935279,12345.117702313628,825928
2024-06-05,12252.994140625,12362.268122785898,11883.030658421065,11936.835001970685,447581
2024-06-06,12420.482421875,12436.65301089626,12219.085085882945,12261.765449128865,447536
2024-06-07,12555.1396484375,12571.897875969576,12331.151725039615,12331.151725039615,532480
2024-06-10,12463.65234375,12662.060754965283,12375.792720877986,12510.302615507939,293471
2024-06-11,12606.8369140625,12681.221051216617,12402.548276140222,12489.085239088949,358807
2024-06-12,12592.8212890625,12693.029938990368,12546.416981677849,12606.836565169848,302719
2024-06-13,12590.37109375,12681.661800900543,12485.262266227079,12681.661800900543,297240
2024-06-14,12588.7548828125,12637.560469715821,12523.680128897324,12575.32820218368,216967
2024-06-18,12310.1796875,12622.85988795415,12291.656629837968,12621.292213651659,823306
2024-06-19,11997.6953125,12372.951385260423,11956.436190113043,12358.250848961105,694871
2024-06-20,11906.9443359375,12059.829912825951,11892.733817572867,12001.517785743497,907751
2024-06-21,11957.90625,12119.367140438677,11842.26203105151,11976.036911445315,947800
2024-06-24,11940.1669921875,12043.658376351275,11800.609529631842,11937.814523747651,550862
2024-06-25,11874.7001953125,11993.480713720957,11831.039796233665,11957.807988434004,594272
2024-06-26,11954.720703125,12077.812806541451,11826.777231488775,11875.092800997325,447931
2024-06-27,11935.6103515625,11983.190895657293,11770.229319286924,11956.436111182387,1230852
2024-06-28,11793.6025390625,11957.90591136071,11764.496243651818,11941.686511507862,1160395
2024-07-01,11866.9091796875,12015.237194032095,11765.866928881404,11804.529527089444,1134926
2024-07-02,11802.177734375,11907.385142760259,11755.528417105228,11907.385142760259,687181
2024-07-03,11881.6103515625,11907.433909766696,11721.227124346477,11873.132659820867,467532
2024-07-04,11848.2392578125,11966.235939336415,11830.794813704004,11892.733261576364,299684
2024-07-05,11862.4013671875,11895.13494361918,11781.892005658661,11828.198694216944,406926
2024-07-08,11783.556640625,11870.1921777208,11727.106968180902,11862.351892266559,496933
2024-07-09,12571.6044921875,12701.214217140328,12019.206971594225,12078.940340594409,2114130
2024-07-10,12517.7998046875,13034.474817435457,12478.451945549723,12691.511132611593,2070520
2024-07-11,12461.3505859375,12665.785657708511,12441.602483024084,12544.457424964661,608983
2024-07-12,12311.69921875,12416.955442061542,12225.946089863184,12368.051274875621,674746
2024-07-15,12391.5224609375,12513.585714782228,12338.64934401913,12348.449700924624,697186
2024-07-16,12387.2109375,12542.4977968228,12330.565061351403,12390.59225232307,347810
2024-07-18,12391.6201171875,12426.852591776935,12214.18484631829,12380.790914189118,391216
2024-07-19,12274.26171875,12456.254551406044,12246.968105568865,12397.45240560869,351955
2024-07-22,12388.8759765625,12406.222799423174,12152.491180339879,12250.4459374691,249631
2024-07-23,12376.919921875,12480.706087479828,12113.241502745059,12466.054362048313,332258
2024-07-24,12237.951171875,12410.388650016004,12209.48132532607,12381.771415281088,285860
2024-07-25,12259.4638671875,12274.94824122027,12140.732148678479,12140.732148678479,396789
2024-07-26,12410.8779296875,12488.692187796923,12141.858137750207,12221.04482862673,537693
2024-07-29,12496.9736328125,12518.681805688502,12351.389525721712,12455.273306545841,388263
2024-07-30,12616.6376953125,12709.887523272879,12456.156840238797,12505.256248796712,526539
2024-07-31,12853.9521484375,13107.977595381406,12637.707843692431,12720.863490695376,836405
2024-08-01,13092.3466796875,13406.889351911856,12850.22903379154,13125.619085537683,2040384
2024-08-02,12590.1328125,13033.830511227592,12537.353476477174,12985.453720174766,1333355
2024-08-05,12070.208984375,12356.263296533365,11898.864296654514,12356.263296533365,1131415
2024-08-06,12001.2060546875,12420.468995862939,11980.332369041798,12257.334273528313,623565
2024-08-07,12239.0322265625,12316.69168821106,12134.563324468734,12266.237770452122,433514
2024-08-08,12088.0166015625,12260.005686966373,12022.031562926568,12238.537845919094,358577
2024-08-09,12093.3095703125,12257.334073572203,12064.52057890228,12257.334073572203,320211
2024-08-12,12141.833984375,12237.548032242377,11970.439061449699,12069.368309891432,291212
2024-08-13,12045.873046875,12207.91896843283,11992.203927663997,12204.90181946797,464483
2024-08-14,12074.9580078125,12107.95052520341,12000.117646108129,12107.95052520341,449827
2024-08-16,12082.5263671875,12211.777823784352,11981.321933720596,12183.088340167978,552732
2024-08-19,12019.7060546875,12112.946874607615,11996.952326749435,12064.422269769588,277319
2024-08-20,12084.158203125,12178.1902588153,12020.002007028937,12030.291035119697,471927
2024-08-21,12090.0947265625,12117.794917376925,12046.664398093202,12084.15897138798,295984
2024-08-22,12144.900390625,12193.029856378762,12050.571738786994,12148.511694631334,501316
2024-08-23,12170.5732421875,12242.544273411415,12123.186709883727,12168.298062600243,440809
2024-08-26,12112.69921875,12202.428240983896,12091.1328356484,12193.029962311122,232805
2024-08-27,12363.08984375,12395.83503909485,12094.199369059488,12113.886676274258,477609
2024-08-28,12225.181640625,12385.892394843113,12197.976097827737,12366.155816938095,313227
2024-08-29,12320.451171875,12346.370829497868,12118.833546582442,12210.837752283029,608598
2024-08-30,12270.1953125,12435.40716585705,12184.324913676935,12326.584986999113,2271179
2024-09-02,12294.333984375,12390.888545802503,12218.158461977651,12240.51608600514,331514
2024-09-03,12264.357421875,12340.73099458027,12227.55651449022,12340.434400057347,445514
2024-09-04,12204.1591796875,12265.247989442953,12103.102567876393,12193.07891085075,735076
2024-09-05,12166.912109375,12237.54797889686,12099.047031682183,12204.901327053401,595865
2024-09-06,12055.6669921875,12173.095237171552,11965.196001290638,12118.832930858209,733354
2024-09-09,12015.69921875,12089.005405562413,11972.417672462589,12066.895104929965,415790
2024-09-10,12132.08984375,12156.47532383517,11968.460480332342,12020.002232344694,285122
2024-09-11,12111.51171875,12201.933437786316,12034.743008810648,12128.725794329514,349799
2024-09-12,12268.0673828125,12293.937767857073,12021.238906665374,12130.80304988499,547830
2024-09-13,12184.17578125,12262.280617858034,12159.443468587922,12232.60184266354,361093
2024-09-16,12157.416015625,12231.61295607352,12124.769361827652,12190.013398016583,170114
2024-09-17,12114.62890625,12153.458637754426,12021.536866334012,12153.458637754426,568161
2024-09-18,12073.423828125,12205.841204694501,12039.68934139223,12108.989085588015,182282
2024-09-19,12219.24609375,12277.119703958022,12075.700141026839,12128.67656022684,465608
2024-09-20,12479.4306640625,12569.1104186683,12227.704985687653,12228.051817737978,875654
2024-09-23,12547.294921875,12612.489681997158,12489.81741589255,12489.81741589255,235586
2024-09-24,12602.201171875,12642.119704286772,12448.366186686804,12448.366186686804,425916
2024-09-25,12648.4013671875,12678.970892266965,12475.967875475275,12590.973130056514,341172
2024-09-26,13240.4931640625,13267.402114088052,12692.623154406809,12697.569617054667,1471069
2024-09-27,13351.095703125,13396.653396407877,13132.314242700864,13239.701752177032,865698
2024-09-30,13096.25390625,13355.448537118522,13067.26782968322,13200.673534739395,415743
2024-10-01,13025.025390625,13158.035963898568,12860.852102798439,13096.254452460409,388888
2024-10-03,12511.927734375,13007.217395937236,12457.467377121106,12802.483126043613,863520
2024-10-04,12470.7744140625,12739.960527278306,12378.522884870557,12554.023767598752,679362
2024-10-07,12393.3623046875,12512.572055852126,12245.463069840102,12490.856891360689,465500
2024-10-08,12397.7646484375,12494.863130075582,12328.612714516892,12368.382467231997,387060
2024-10-09,12624.0654296875,12712.409059737474,12406.22302051656,12420.518490851626,465231
2024-10-10,12805.5009765625,12826.17757676149,12575.391921866849,12661.856474927748,492698
2024-10-11,12639.8447265625,12841.01697508807,12588.747381201518,12805.50098699655,274243
2024-10-14,12403.6005859375,12661.95470878102,12328.859730776128,12638.211688778618,488067
2024-10-15,12313.4765625,12572.91852353526,12222.708974606825,12572.91852353526,532135
2024-10-16,12251.2998046875,12321.588843749056,12100.036594655643,12281.126393965864,418138
2024-10-17,12013.720703125,12287.111296924193,11940.760381819351,12267.226904271745,875937
2024-10-18,11975.484375,12011.247685674829,11717.625861961335,11940.760594345325,506871
2024-10-21,12045.52734375,12118.83353403183,11816.653936486548,12015.501735698008,375275
2024-10-22,11795.630859375,12158.206554088418,11713.222988831856,12085.147690722919,904901
2024-10-23,11828.1796875,11990.127069896142,11627.60062454814,11795.631576415844,412638
2024-10-24,11637.740234375,11870.471292178363,11512.298140117053,11870.471292178363,552495
2024-10-25,11379.6826171875,11668.012103706254,11317.505971261537,11637.640631348902,624582
2024-10-28,11360.29296875,11508.093652976651,11317.506068621688,11381.612028656327,613830
2024-10-29,10927.724609375,11360.045418201442,10627.425073719145,11327.398766733999,2268683
2024-10-30,11135.921875,11396.649722966997,10827.80652932932,10861.442474692243,1672966
2024-10-31,10957.849609375,11127.117177476151,10931.682628324012,11104.808823795205,838211
2024-11-01,10991.0400390625,11089.523917478447,10961.361263079434,11030.611740373257,65670
2024-11-04,10934.1064453125,11174.059155876865,10743.716904189709,11174.059155876865,444462
2024-11-05,11050.49609375,11154.273266503365,10893.99078851853,10923.768107204449,321159
2024-11-06,11232.6748046875,11307.613714475032,11052.969428635795,11098.872988862238,416027
2024-11-07,11179.154296875,11263.095381059122,11066.819357936702,11184.100759492943,530194
2024-11-08,11181.9736328125,11222.534627145447,11006.472748939246,11139.928699662492,269993
2024-11-11,11277.6376953125,11394.819582975008,11188.897966494973,11210.16775484861,450681
2024-11-12,11023.78515625,11393.583475226844,10988.319405647448,11270.069723734487,549747
2024-11-13,10931.2861328125,11023.537659376405,10747.970423917966,11020.718562165095,507710
2024-11-14,10888.2021484375,10998.65703867062,10775.47207875455,10936.62820785266,431348
2024-11-18,10975.162109375,11063.20914496987,10798.12801705603,10832.753255773114,333440
2024-11-19,10841.953125,11075.376884090754,10779.727206281736,10971.253848245145,864067
2024-11-21,10745.1513671875,10840.865417897234,10654.68037357969,10804.212323482298,540201
2024-11-22,10945.1357421875,10987.725555740513,10711.316854252482,10788.234343496577,493678
2024-11-25,10907.0986328125,11127.512809399543,10872.373886271595,11082.054625636662,635726
2024-11-26,10826.767578125,10959.332769813294,10774.829723172497,10907.098320339392,406586
2024-11-27,10939.9423828125,10997.866231846954,10753.609525996246,10818.902831305883,343332
2024-11-28,10832.6044921875,10961.954491309029,10771.417135259599,10941.971554960515,607669
2024-11-29,10955.623046875,11010.923917205046,10803.073952240307,10832.70345543124,338207
2024-12-02,11118.955078125,11208.684101710282,11031.600742998355,11031.600742998355,446880
2024-12-03,11158.4775390625,11187.908991223514,11083.043985204442,11129.540733156295,258644
2024-12-04,11010.6767578125,11179.00526333061,10987.082518101748,11160.208705808194,554674
2024-12-05,11062.515625,11149.326038476158,10912.885140233406,11015.722284803267,545501
2024-12-06,11196.763671875,11254.14263906976,11001.922313326082,11080.076423815495,417214
2024-12-09,11159.021484375,11247.168026863616,11132.063263421216,11200.769821605356,254485
2024-12-10,11078.2958984375,11193.201647126753,11050.397655629127,11154.273372177118,410569
2024-12-11,11156.9931640625,11199.631283117333,11100.454712906318,11109.655905770736,226584
2024-12-12,11047.8251953125,11178.361564782323,10959.629384535834,11178.361564782323,396561
2024-12-13,11151.8486328125,11169.111979624868,10915.457004026091,11018.146335235462,263579
2024-12-16,11156.251953125,11208.140539974062,11085.022890375598,11135.031434959708,223389
2024-12-17,10989.60546875,11151.750902745598,10941.278914539722,11142.401895007146,295445
2024-12-18,10884.6416015625,10979.217579351482,10852.637409107236,10966.307505279587,497103
2024-12-19,10838.044921875,10917.238557327422,10736.247305933137,10771.4164601733,435360
2024-12-20,10784.3271484375,10958.393362433288,10749.603367052738,10822.860285729002,404608
2024-12-23,10706.123046875,10872.126129135762,10640.23655520594,10810.988048073368,237165
2024-12-24,10621.6376953125,10770.873051779983,10610.16228851044,10706.123663054545,151149
2024-12-26,10779.3310546875,10857.287110283249,10654.68019998021,10655.174846229049,349811
2024-12-27,10823.8984375,11013.79332475576,10795.752872852483,10812.472302426846,257973
2024-12-30,10683.3203125,10832.752749675014,10634.992794770531,10823.898388681258,335481
2024-12-31,10742.1337890625,10777.055620183066,10635.487287451382,10649.733485523251,198997
2025-01-01,11088.287109375,11153.23454946651,10684.557220201148,10741.738134381618,383202
2025-01-02,11714.5087890625,11732.168239401895,11105.797322516672,11164.165578532036,1417042
2025-01-03,11806.4638671875,11920.776420879902,11661.730569509007,11723.066703724868,701315
2025-01-06,11629.7763671875,11851.625202741647,11565.521628284077,11801.2698297677,383268
2025-01-07,11595.7939453125,11699.32379150743,11548.704008924291,11629.77672222882,308104
2025-01-08,11695.416015625,11732.959859480008,11599.751236994322,11600.443934970288,303100
2025-01-09,11614.837890625,11723.116148185338,11534.804706880288,11695.415958130554,266413
2025-01-10,11506.5595703125,11634.079759561642,11446.114185214983,11564.829284802347,218246
2025-01-13,11374.5888671875,11529.660470607681,11345.206685949848,11345.701332212751,253524
2025-01-14,11615.431640625,11659.355646516156,11407.531442148333,11410.450048148492,627463
2025-01-15,11819.4736328125,12061.850295966045,11733.99837413964,11763.231774372274,692822
2025-01-16,11962.8212890625,12004.074978790657,11828.17896867997,11853.158603855054,551211
2025-01-17,12006.3994140625,12059.376799299154,11875.763535181559,11972.319060980433,285370
2025-01-20,11891.3447265625,12016.984869890734,11855.730197745048,12016.984869890734,251731
2025-01-21,11756.455078125,12009.81249236961,11735.036509781525,11888.376842098909,300038
2025-01-22,11891.6416015625,11949.51521225589,11772.629908178309,11772.629908178309,396590
2025-01-23,11916.7705078125,11976.671977356016,11833.224560330691,11876.456837165728,480876
2025-01-24,11839.75390625,11963.51400956171,11786.529197723601,11802.2593346623,310343
2025-01-27,11865.42578125,11917.908522659996,11684.583300646347,11774.461106332845,251783
2025-01-28,11993.9345703125,12034.446290136782,11757.69172195079,11889.662757643844,533451
2025-01-29,11849.6474609375,12188.77674927291,11757.79106924785,11990.225543950162,817549
2025-01-30,11871.509765625,11981.172450642585,11795.432787434578,11892.284907714844,418442
2025-01-31,12178.833984375,12257.333957052242,11871.509885764883,11871.509885764883,709009
2025-02-01,12778.1962890625,13009.196082620825,12097.71184467364,12188.083326075175,1101170
2025-02-03,12999.25390625,13317.064115216588,12783.2915512458,12850.909305761763,926127
2025-02-04,12969.5751953125,13117.969067929382,12832.607457665928,13108.125414491275,530749
2025-02-05,12946.6728515625,13009.196330570157,12864.264979815136,12969.624630705304,271633
2025-02-06,12934.009765625,12989.41014400002,12867.52911835379,12920.159671031244,414134
2025-02-07,12909.7724609375,12968.140718356964,12872.673992238686,12920.160032173168,355223
2025-02-10,12762.615234375,12920.160065185162,12748.666596550987,12910.267140173535,294142
2025-02-11,12588.103515625,12877.867672548035,12563.470712273995,12761.823856628285,354195
2025-02-12,12520.041015625,12628.665143332666,12473.04961995905,12564.015262264124,425735
2025-02-13,12535.6220703125,12608.483850590506,12479.677771729159,12539.282645844514,186742
2025-02-14,12544.4765625,12643.158492044715,12449.355699609241,12564.01508990359,233454
2025-02-17,12626.2412109375,12637.221970876586,12443.419190188504,12466.667563158257,192210
2025-02-18,12649.2919921875,12746.98462683641,12598.78880314209,12628.269526503556,267936
2025-02-19,12550.3134765625,12632.424754332349,12515.539458630838,12590.725688877928,288694
2025-02-20,12307.4423828125,12514.550385557177,12247.441404995878,12514.550385557177,423739
2025-02-21,12191.4970703125,12305.413524060586,12113.886879078751,12287.013069673996,477013
2025-02-24,12213.013671875,12299.378711836465,12089.252603423927,12117.200115879941,399571
2025-02-25,12342.7587890625,12373.477093308535,12217.762071237596,12256.097154659496,363355
2025-02-27,12248.0341796875,12415.620713449265,12180.169101512936,12397.516854156022,236805
2025-02-28,11817.939453125,12206.385540627261,11685.226443594172,12206.385540627261,605149
2025-03-03,11649.5126953125,11930.323958784655,11631.85421014671,11758.730976743322,186884
2025-03-04,11491.869140625,11598.712731903383,11466.88950470112,11564.82946337297,255726
2025-03-05,11492.95703125,11703.330471346819,11444.48169793673,11480.739655112413,349730
2025-03-06,11541.482421875,11603.906392255269,11357.077913217996,11575.711555972455,315309
2025-03-07,11539.2568359375,11616.569467397569,11476.78262630305,11525.257960212959,259055
2025-03-10,11461.9921875,11572.645133395696,11410.153840113391,11475.793011109552,153894
2025-03-11,11522.240234375,11566.807667343843,11386.756436121077,11455.512263428673,245822
2025-03-12,11515.462890625,11598.415643876593,11398.627836390602,11496.369739180125,249361
2025-03-13,11390.515625,11559.88269171903,11366.72333394769,11510.220015731536,260736
2025-03-17,11429.9892578125,11627.105793737772,11333.681050684292,11390.516099558723,275569
2025-03-18,11429.9892578125,11429.9892578125,11429.9892578125,11429.9892578125,0
2025-03-19,11491.1767578125,11589.018176359037,11423.360947487301,11574.722705949722,476555
2025-03-20,11604.5986328125,11639.025817274372,11463.921051472624,11574.623264430335,379421
